"","V1","V2","V3","V4","V5","V6","V7","V8","V9","V10","V11","V12"
"1","AIR_VAL_YR","AIR_WGT_YR","CNT_VAL_YR","CNT_WGT_YR","CTY_CODE","CTY_NAME","PORT","PORT_NAME","E_COMMODITY","YEAR","COMM_LVL","time"
"2","0","0","0","0","-","TOTAL FOR ALL COUNTRIES","0115","CALAIS, ME","43","2024","HS2","2024-12"
"3","0","0","0","0","-","TOTAL FOR ALL COUNTRIES","0206","BEECHER FALLS, VT","43","2024","HS2","2024-12"
"4","93199","2571","0","0","-","TOTAL FOR ALL COUNTRIES","0417","LOGAN AIRPORT, MA","43","2024","HS2","2024-12"
"5","0","0","0","0","-","TOTAL FOR ALL COUNTRIES","0708","ALEXANDRIA BAY, NY","43","2024","HS2","2024-12"
"6","0","0","0","0","-","TOTAL FOR ALL COUNTRIES","0712","CHAMPLAIN-ROUSES POINT, NY","43","2024","HS2","2024-12"
"7","24126","185","1088002","19896","-","TOTAL FOR ALL COUNTRIES","0901","BUFFALO-NIAGARA FALLS, NY","43","2024","HS2","2024-12"
"8","0","0","1351533","44429","-","TOTAL FOR ALL COUNTRIES","1001","NEW YORK, NY","43","2024","HS2","2024-12"
"9","89182","1160","220258","11109","-","TOTAL FOR ALL COUNTRIES","1003","NEWARK, NJ","43","2024","HS2","2024-12"
"10","23054039","241754","0","0","-","TOTAL FOR ALL COUNTRIES","1012","JFK INTERNATIONAL AIRPORT, NY","43","2024","HS2","2024-12"
"11","0","0","0","0","-","TOTAL FOR ALL COUNTRIES","1101","PHILADELPHIA, PA","43","2024","HS2","2024-12"
"12","0","0","9134","272","-","TOTAL FOR ALL COUNTRIES","1103","WILMINGTON, DE","43","2024","HS2","2024-12"
"13","128942","1406","0","0","-","TOTAL FOR ALL COUNTRIES","1108","PHILADELPHIA INTERNATIONAL AIRPORT, PA","43","2024","HS2","2024-12"
"14","0","0","3000","227","-","TOTAL FOR ALL COUNTRIES","1303","BALTIMORE, MD","43","2024","HS2","2024-12"
"15","0","0","3641755","64672","-","TOTAL FOR ALL COUNTRIES","1401","NORFOLK-NEWPORT NEWS, VA","43","2024","HS2","2024-12"
"16","6060","23","0","0","-","TOTAL FOR ALL COUNTRIES","1512","CHARLOTTE, NC","43","2024","HS2","2024-12"
"17","0","0","92500","2000","-","TOTAL FOR ALL COUNTRIES","1601","CHARLESTON, SC","43","2024","HS2","2024-12"
"18","0","0","36450","1427","-","TOTAL FOR ALL COUNTRIES","1703","SAVANNAH, GA","43","2024","HS2","2024-12"
"19","44388","872","0","0","-","TOTAL FOR ALL COUNTRIES","1704","ATLANTA, GA","43","2024","HS2","2024-12"
"20","0","0","19560","435","-","TOTAL FOR ALL COUNTRIES","1803","JACKSONVILLE, FL","43","2024","HS2","2024-12"
"21","0","0","15041","2205","-","TOTAL FOR ALL COUNTRIES","1805","FERNANDINA, FL","43","2024","HS2","2024-12"
"22","186526","11013","32000","3000","-","TOTAL FOR ALL COUNTRIES","2002","NEW ORLEANS, LA","43","2024","HS2","2024-12"
"23","3240","150","0","0","-","TOTAL FOR ALL COUNTRIES","2006","MEMPHIS, TN","43","2024","HS2","2024-12"
"24","0","0","0","0","-","TOTAL FOR ALL COUNTRIES","2304","LAREDO, TX","43","2024","HS2","2024-12"
"25","0","0","0","0","-","TOTAL FOR ALL COUNTRIES","2310","ROMA, TX","43","2024","HS2","2024-12"
"26","0","0","0","0","-","TOTAL FOR ALL COUNTRIES","2401","YSLETA, TX","43","2024","HS2","2024-12"
"27","0","0","0","0","-","TOTAL FOR ALL COUNTRIES","2402","EL PASO, TX","43","2024","HS2","2024-12"
"28","0","0","0","0","-","TOTAL FOR ALL COUNTRIES","2406","COLUMBUS, NM","43","2024","HS2","2024-12"
"29","0","0","6061957","127554","-","TOTAL FOR ALL COUNTRIES","2501","SAN DIEGO, CA","43","2024","HS2","2024-12"
"30","0","0","0","0","-","TOTAL FOR ALL COUNTRIES","2506","OTAY MESA, CA","43","2024","HS2","2024-12"
"31","0","0","486328","24816","-","TOTAL FOR ALL COUNTRIES","2704","LOS ANGELES, CA","43","2024","HS2","2024-12"
"32","0","0","1336644","54673","-","TOTAL FOR ALL COUNTRIES","2709","LONG BEACH, CA","43","2024","HS2","2024-12"
"33","0","0","8976","100","-","TOTAL FOR ALL COUNTRIES","2713","PORT HUENEME, CA","43","2024","HS2","2024-12"
"34","8694262","96730","0","0","-","TOTAL FOR ALL COUNTRIES","2720","LOS ANGELES INTERNATIONAL AIRPORT, CA","43","2024","HS2","2024-12"
"35","1564616","6870","0","0","-","TOTAL FOR ALL COUNTRIES","2801","SAN FRANCISCO INTERNATIONAL AIRPORT, CA","43","2024","HS2","2024-12"
"36","0","0","25000","2011","-","TOTAL FOR ALL COUNTRIES","2811","OAKLAND, CA","43","2024","HS2","2024-12"
"37","0","0","13779","603","-","TOTAL FOR ALL COUNTRIES","3001","SEATTLE, WA","43","2024","HS2","2024-12"
"38","3235","8","0","0","-","TOTAL FOR ALL COUNTRIES","3004","BLAINE, WA","43","2024","HS2","2024-12"
"39","0","0","0","0","-","TOTAL FOR ALL COUNTRIES","3009","SUMAS, WA","43","2024","HS2","2024-12"
"40","286213","3888","0","0","-","TOTAL FOR ALL COUNTRIES","3029","SEATTLE-TACOMA INTERNATIONAL AIRPORT, WA","43","2024","HS2","2024-12"
"41","58648","740","0","0","-","TOTAL FOR ALL COUNTRIES","3126","ANCHORAGE, AK","43","2024","HS2","2024-12"
"42","69659","447","0","0","-","TOTAL FOR ALL COUNTRIES","3205","HONOLULU INTERNATIONAL AIRPORT, HI","43","2024","HS2","2024-12"
"43","0","0","0","0","-","TOTAL FOR ALL COUNTRIES","3310","SWEETGRASS, MT","43","2024","HS2","2024-12"
"44","0","0","0","0","-","TOTAL FOR ALL COUNTRIES","3316","PIEGAN, MT","43","2024","HS2","2024-12"
"45","0","0","0","0","-","TOTAL FOR ALL COUNTRIES","3401","PEMBINA, ND","43","2024","HS2","2024-12"
"46","0","0","0","0","-","TOTAL FOR ALL COUNTRIES","3403","PORTAL, ND","43","2024","HS2","2024-12"
"47","17318","154","0","0","-","TOTAL FOR ALL COUNTRIES","3501","MINNEAPOLIS-ST. PAUL, MN","43","2024","HS2","2024-12"
"48","0","0","0","0","-","TOTAL FOR ALL COUNTRIES","3801","DETROIT, MI","43","2024","HS2","2024-12"
"49","0","0","1079751","20131","-","TOTAL FOR ALL COUNTRIES","3802","PORT HURON, MI","43","2024","HS2","2024-12"
"50","0","0","0","0","-","TOTAL FOR ALL COUNTRIES","3803","SAULT STE MARIE, MI","43","2024","HS2","2024-12"
"51","47460933","273346","0","0","-","TOTAL FOR ALL COUNTRIES","3901","CHICAGO, IL","43","2024","HS2","2024-12"
"52","1739516","23236","0","0","-","TOTAL FOR ALL COUNTRIES","4101","CLEVELAND, OH","43","2024","HS2","2024-12"
"53","16024","37","0","0","-","TOTAL FOR ALL COUNTRIES","4102","CINCINNATI-LAWRENCEBURG, OH","43","2024","HS2","2024-12"
"54","29971","324","0","0","-","TOTAL FOR ALL COUNTRIES","4115","LOUISVILLE, KY","43","2024","HS2","2024-12"
"55","0","0","386405","23032","-","TOTAL FOR ALL COUNTRIES","5201","MIAMI, FL","43","2024","HS2","2024-12"
"56","0","0","1002456","34249","-","TOTAL FOR ALL COUNTRIES","5203","PORT EVERGLADES, FL","43","2024","HS2","2024-12"
"57","0","0","25115","848","-","TOTAL FOR ALL COUNTRIES","5204","WEST PALM BEACH, FL","43","2024","HS2","2024-12"
"58","520184","12555","0","0","-","TOTAL FOR ALL COUNTRIES","5206","MIAMI INTERNATIONAL AIRPORT, FL","43","2024","HS2","2024-12"
"59","0","0","138790","11224","-","TOTAL FOR ALL COUNTRIES","5301","HOUSTON, TX","43","2024","HS2","2024-12"
"60","33291","783","0","0","-","TOTAL FOR ALL COUNTRIES","5309","HOUSTON INTERCONTINENTAL AIRPORT, TX","43","2024","HS2","2024-12"
"61","47114","405","0","0","-","TOTAL FOR ALL COUNTRIES","5501","DALLAS-FORT WORTH, TX","43","2024","HS2","2024-12"
"62","0","0","0","0","-","TOTAL FOR ALL COUNTRIES","7000","LOW VALUE","43","2024","HS2","2024-12"
"63","0","0","0","0","0026","APEC","0115","CALAIS, ME","43","2024","HS2","2024-12"
"64","0","0","0","0","0020","USMCA (NAFTA)","0115","CALAIS, ME","43","2024","HS2","2024-12"
"65","0","0","0","0","0022","OECD","0115","CALAIS, ME","43","2024","HS2","2024-12"
"66","0","0","0","0","0023","NATO","0115","CALAIS, ME","43","2024","HS2","2024-12"
"67","0","0","0","0","1220","CANADA","0115","CALAIS, ME","43","2024","HS2","2024-12"
"68","0","0","0","0","1XXX","NORTH AMERICA","0115","CALAIS, ME","43","2024","HS2","2024-12"
"69","0","0","0","0","0020","USMCA (NAFTA)","0206","BEECHER FALLS, VT","43","2024","HS2","2024-12"
"70","0","0","0","0","0022","OECD","0206","BEECHER FALLS, VT","43","2024","HS2","2024-12"
"71","0","0","0","0","0023","NATO","0206","BEECHER FALLS, VT","43","2024","HS2","2024-12"
"72","0","0","0","0","0026","APEC","0206","BEECHER FALLS, VT","43","2024","HS2","2024-12"
"73","0","0","0","0","1220","CANADA","0206","BEECHER FALLS, VT","43","2024","HS2","2024-12"
"74","0","0","0","0","1XXX","NORTH AMERICA","0206","BEECHER FALLS, VT","43","2024","HS2","2024-12"
"75","63849","1402","0","0","0003","EUROPEAN UNION","0417","LOGAN AIRPORT, MA","43","2024","HS2","2024-12"
"76","2910","51","0","0","0014","PACIFIC RIM COUNTRIES","0417","LOGAN AIRPORT, MA","43","2024","HS2","2024-12"
"77","60960","1247","0","0","0022","OECD","0417","LOGAN AIRPORT, MA","43","2024","HS2","2024-12"
"78","63849","1402","0","0","0023","NATO","0417","LOGAN AIRPORT, MA","43","2024","HS2","2024-12"
"79","63849","1402","0","0","0025","EURO AREA","0417","LOGAN AIRPORT, MA","43","2024","HS2","2024-12"
"80","2910","51","0","0","0026","APEC","0417","LOGAN AIRPORT, MA","43","2024","HS2","2024-12"
"81","5799","206","0","0","4510","LITHUANIA","0417","LOGAN AIRPORT, MA","43","2024","HS2","2024-12"
"82","58050","1196","0","0","4710","PORTUGAL","0417","LOGAN AIRPORT, MA","43","2024","HS2","2024-12"
"83","63849","1402","0","0","4XXX","EUROPE","0417","LOGAN AIRPORT, MA","43","2024","HS2","2024-12"
"84","2910","51","0","0","6021","AUSTRALIA","0417","LOGAN AIRPORT, MA","43","2024","HS2","2024-12"
"85","2910","51","0","0","6XXX","AUSTRALIA AND OCEANIA","0417","LOGAN AIRPORT, MA","43","2024","HS2","2024-12"
"86","26440","1118","0","0","7790","KENYA","0417","LOGAN AIRPORT, MA","43","2024","HS2","2024-12"
"87","26440","1118","0","0","7XXX","AFRICA","0417","LOGAN AIRPORT, MA","43","2024","HS2","2024-12"
"88","0","0","0","0","0020","USMCA (NAFTA)","0708","ALEXANDRIA BAY, NY","43","2024","HS2","2024-12"
"89","0","0","0","0","0022","OECD","0708","ALEXANDRIA BAY, NY","43","2024","HS2","2024-12"
"90","0","0","0","0","0023","NATO","0708","ALEXANDRIA BAY, NY","43","2024","HS2","2024-12"
"91","0","0","0","0","0026","APEC","0708","ALEXANDRIA BAY, NY","43","2024","HS2","2024-12"
"92","0","0","0","0","1220","CANADA","0708","ALEXANDRIA BAY, NY","43","2024","HS2","2024-12"
"93","0","0","0","0","1XXX","NORTH AMERICA","0708","ALEXANDRIA BAY, NY","43","2024","HS2","2024-12"
"94","0","0","0","0","0020","USMCA (NAFTA)","0712","CHAMPLAIN-ROUSES POINT, NY","43","2024","HS2","2024-12"
"95","0","0","0","0","0022","OECD","0712","CHAMPLAIN-ROUSES POINT, NY","43","2024","HS2","2024-12"
"96","0","0","0","0","0023","NATO","0712","CHAMPLAIN-ROUSES POINT, NY","43","2024","HS2","2024-12"
"97","0","0","0","0","0026","APEC","0712","CHAMPLAIN-ROUSES POINT, NY","43","2024","HS2","2024-12"
"98","0","0","0","0","1220","CANADA","0712","CHAMPLAIN-ROUSES POINT, NY","43","2024","HS2","2024-12"
"99","0","0","0","0","1XXX","NORTH AMERICA","0712","CHAMPLAIN-ROUSES POINT, NY","43","2024","HS2","2024-12"
"100","0","0","1088002","19896","0003","EUROPEAN UNION","0901","BUFFALO-NIAGARA FALLS, NY","43","2024","HS2","2024-12"
"101","24126","185","0","0","0020","USMCA (NAFTA)","0901","BUFFALO-NIAGARA FALLS, NY","43","2024","HS2","2024-12"
"102","24126","185","1088002","19896","0022","OECD","0901","BUFFALO-NIAGARA FALLS, NY","43","2024","HS2","2024-12"
"103","24126","185","1088002","19896","0023","NATO","0901","BUFFALO-NIAGARA FALLS, NY","43","2024","HS2","2024-12"
"104","0","0","1088002","19896","0025","EURO AREA","0901","BUFFALO-NIAGARA FALLS, NY","43","2024","HS2","2024-12"
"105","24126","185","0","0","0026","APEC","0901","BUFFALO-NIAGARA FALLS, NY","43","2024","HS2","2024-12"
"106","24126","185","0","0","1220","CANADA","0901","BUFFALO-NIAGARA FALLS, NY","43","2024","HS2","2024-12"
"107","24126","185","0","0","1XXX","NORTH AMERICA","0901","BUFFALO-NIAGARA FALLS, NY","43","2024","HS2","2024-12"
"108","0","0","250087","6254","4231","BELGIUM","0901","BUFFALO-NIAGARA FALLS, NY","43","2024","HS2","2024-12"
"109","0","0","837915","13642","4710","PORTUGAL","0901","BUFFALO-NIAGARA FALLS, NY","43","2024","HS2","2024-12"
"110","0","0","1088002","19896","4XXX","EUROPE","0901","BUFFALO-NIAGARA FALLS, NY","43","2024","HS2","2024-12"
"111","0","0","788512","14328","0003","EUROPEAN UNION","1001","NEW YORK, NY","43","2024","HS2","2024-12"
"112","0","0","42198","4619","0014","PACIFIC RIM COUNTRIES","1001","NEW YORK, NY","43","2024","HS2","2024-12"
"113","0","0","1042383","24576","0022","OECD","1001","NEW YORK, NY","43","2024","HS2","2024-12"
"114","0","0","934743","23866","0023","NATO","1001","NEW YORK, NY","43","2024","HS2","2024-12"
"115","0","0","788512","14328","0025","EURO AREA","1001","NEW YORK, NY","43","2024","HS2","2024-12"
"116","0","0","42198","4619","0026","APEC","1001","NEW YORK, NY","43","2024","HS2","2024-12"
"117","0","0","198060","13610","0027","ASEAN","1001","NEW YORK, NY","43","2024","HS2","2024-12"
"118","0","0","116587","331","4759","ITALY","1001","NEW YORK, NY","43","2024","HS2","2024-12"
"119","0","0","146231","9538","4120","UNITED KINGDOM","1001","NEW YORK, NY","43","2024","HS2","2024-12"
"120","0","0","116025","3796","4279","FRANCE","1001","NEW YORK, NY","43","2024","HS2","2024-12"
"121","0","0","555900","10201","4710","PORTUGAL","1001","NEW YORK, NY","43","2024","HS2","2024-12"
"122","0","0","934743","23866","4XXX","EUROPE","1001","NEW YORK, NY","43","2024","HS2","2024-12"
"123","0","0","107640","710","5081","ISRAEL","1001","NEW YORK, NY","43","2024","HS2","2024-12"
"124","0","0","68892","1624","5330","INDIA","1001","NEW YORK, NY","43","2024","HS2","2024-12"
"125","0","0","198060","13610","5550","CAMBODIA","1001","NEW YORK, NY","43","2024","HS2","2024-12"
"126","0","0","42198","4619","5700","CHINA","1001","NEW YORK, NY","43","2024","HS2","2024-12"
"127","0","0","416790","20563","5XXX","ASIA","1001","NEW YORK, NY","43","2024","HS2","2024-12"
"128","0","0","17193","148","0003","EUROPEAN UNION","1003","NEWARK, NJ","43","2024","HS2","2024-12"
"129","5616","6","0","0","0014","PACIFIC RIM COUNTRIES","1003","NEWARK, NJ","43","2024","HS2","2024-12"
"130","4031","2","0","0","0020","USMCA (NAFTA)","1003","NEWARK, NJ","43","2024","HS2","2024-12"
"131","4031","2","0","0","0021","TWENTY LATIN AMERICAN REPUBLICS","1003","NEWARK, NJ","43","2024","HS2","2024-12"
"132","65737","596","36915","307","0022","OECD","1003","NEWARK, NJ","43","2024","HS2","2024-12"
"133","56090","588","36915","307","0023","NATO","1003","NEWARK, NJ","43","2024","HS2","2024-12"
"134","4031","2","0","0","0024","LAFTA","1003","NEWARK, NJ","43","2024","HS2","2024-12"
"135","0","0","17193","148","0025","EURO AREA","1003","NEWARK, NJ","43","2024","HS2","2024-12"
"136","28092","381","0","0","0026","APEC","1003","NEWARK, NJ","43","2024","HS2","2024-12"
"137","4031","2","0","0","1XXX","NORTH AMERICA","1003","NEWARK, NJ","43","2024","HS2","2024-12"
"138","4031","2","0","0","2010","MEXICO","1003","NEWARK, NJ","43","2024","HS2","2024-12"
"139","5000","191","0","0","2720","BARBADOS","1003","NEWARK, NJ","43","2024","HS2","2024-12"
"140","5000","191","0","0","2XXX","CENTRAL AMERICA","1003","NEWARK, NJ","43","2024","HS2","2024-12"
"141","0","0","0","0","3070","VENEZUELA","1003","NEWARK, NJ","43","2024","HS2","2024-12"
"142","0","0","0","0","3XXX","SOUTH AMERICA","1003","NEWARK, NJ","43","2024","HS2","2024-12"
"143","56090","588","19722","159","4120","UNITED KINGDOM","1003","NEWARK, NJ","43","2024","HS2","2024-12"
"144","0","0","9108","137","4279","FRANCE","1003","NEWARK, NJ","43","2024","HS2","2024-12"
"145","18445","373","0","0","4621","RUSSIA","1003","NEWARK, NJ","43","2024","HS2","2024-12"
"146","0","0","8085","11","4759","ITALY","1003","NEWARK, NJ","43","2024","HS2","2024-12"
"147","74535","961","36915","307","4XXX","EUROPE","1003","NEWARK, NJ","43","2024","HS2","2024-12"
"148","0","0","2958","11","5170","SAUDI ARABIA","1003","NEWARK, NJ","43","2024","HS2","2024-12"
"149","0","0","180385","10791","5200","UNITED ARAB EMIRATES","1003","NEWARK, NJ","43","2024","HS2","2024-12"
"150","5616","6","0","0","5880","JAPAN","1003","NEWARK, NJ","43","2024","HS2","2024-12"
"151","5616","6","183343","10802","5XXX","ASIA","1003","NEWARK, NJ","43","2024","HS2","2024-12"
"152","2738656","56109","0","0","0003","EUROPEAN UNION","1012","JFK INTERNATIONAL AIRPORT, NY","43","2024","HS2","2024-12"
"153","4424926","97768","0","0","0014","PACIFIC RIM COUNTRIES","1012","JFK INTERNATIONAL AIRPORT, NY","43","2024","HS2","2024-12"
"154","2956","20","0","0","0020","USMCA (NAFTA)","1012","JFK INTERNATIONAL AIRPORT, NY","43","2024","HS2","2024-12"
"155","3318006","70609","0","0","0022","OECD","1012","JFK INTERNATIONAL AIRPORT, NY","43","2024","HS2","2024-12"
"156","2920756","59951","0","0","0023","NATO","1012","JFK INTERNATIONAL AIRPORT, NY","43","2024","HS2","2024-12"
"157","2738656","56109","0","0","0025","EURO AREA","1012","JFK INTERNATIONAL AIRPORT, NY","43","2024","HS2","2024-12"
"158","8426026","122675","0","0","0026","APEC","1012","JFK INTERNATIONAL AIRPORT, NY","43","2024","HS2","2024-12"
"159","19403592","166791","0","0","0027","ASEAN","1012","JFK INTERNATIONAL AIRPORT, NY","43","2024","HS2","2024-12"
"160","2956","20","0","0","1220","CANADA","1012","JFK INTERNATIONAL AIRPORT, NY","43","2024","HS2","2024-12"
"161","2956","20","0","0","1XXX","NORTH AMERICA","1012","JFK INTERNATIONAL AIRPORT, NY","43","2024","HS2","2024-12"
"162","175727","3806","0","0","4120","UNITED KINGDOM","1012","JFK INTERNATIONAL AIRPORT, NY","43","2024","HS2","2024-12"
"163","44540","445","0","0","4210","NETHERLANDS","1012","JFK INTERNATIONAL AIRPORT, NY","43","2024","HS2","2024-12"
"164","11250","168","0","0","4231","BELGIUM","1012","JFK INTERNATIONAL AIRPORT, NY","43","2024","HS2","2024-12"
"165","652446","25260","0","0","4279","FRANCE","1012","JFK INTERNATIONAL AIRPORT, NY","43","2024","HS2","2024-12"
"166","613992","10959","0","0","4280","GERMANY","1012","JFK INTERNATIONAL AIRPORT, NY","43","2024","HS2","2024-12"
"167","4685","81","0","0","4419","SWITZERLAND","1012","JFK INTERNATIONAL AIRPORT, NY","43","2024","HS2","2024-12"
"168","14135","346","0","0","4633","GEORGIA","1012","JFK INTERNATIONAL AIRPORT, NY","43","2024","HS2","2024-12"
"169","9810","170","0","0","4634","KAZAKHSTAN","1012","JFK INTERNATIONAL AIRPORT, NY","43","2024","HS2","2024-12"
"170","68616","1497","0","0","4700","SPAIN","1012","JFK INTERNATIONAL AIRPORT, NY","43","2024","HS2","2024-12"
"171","972031","16400","0","0","4759","ITALY","1012","JFK INTERNATIONAL AIRPORT, NY","43","2024","HS2","2024-12"
"172","375781","1380","0","0","4840","GREECE","1012","JFK INTERNATIONAL AIRPORT, NY","43","2024","HS2","2024-12"
"173","3417","16","0","0","4890","TURKEY","1012","JFK INTERNATIONAL AIRPORT, NY","43","2024","HS2","2024-12"
"174","2946430","60528","0","0","4XXX","EUROPE","1012","JFK INTERNATIONAL AIRPORT, NY","43","2024","HS2","2024-12"
"175","14209","1569","0","0","5081","ISRAEL","1012","JFK INTERNATIONAL AIRPORT, NY","43","2024","HS2","2024-12"
"176","2630","373","0","0","5180","QATAR","1012","JFK INTERNATIONAL AIRPORT, NY","43","2024","HS2","2024-12"
"177","56625","933","0","0","5200","UNITED ARAB EMIRATES","1012","JFK INTERNATIONAL AIRPORT, NY","43","2024","HS2","2024-12"
"178","8841","28","0","0","5330","INDIA","1012","JFK INTERNATIONAL AIRPORT, NY","43","2024","HS2","2024-12"
"179","3998144","24887","0","0","5490","THAILAND","1012","JFK INTERNATIONAL AIRPORT, NY","43","2024","HS2","2024-12"
"180","11571032","55225","0","0","5550","CAMBODIA","1012","JFK INTERNATIONAL AIRPORT, NY","43","2024","HS2","2024-12"
"181","29406","1932","0","0","5590","SINGAPORE","1012","JFK INTERNATIONAL AIRPORT, NY","43","2024","HS2","2024-12"
"182","3805010","84747","0","0","5600","INDONESIA","1012","JFK INTERNATIONAL AIRPORT, NY","43","2024","HS2","2024-12"
"183","92982","1998","0","0","5700","CHINA","1012","JFK INTERNATIONAL AIRPORT, NY","43","2024","HS2","2024-12"
"184","234701","3856","0","0","5800","KOREA, SOUTH","1012","JFK INTERNATIONAL AIRPORT, NY","43","2024","HS2","2024-12"
"185","119172","83","0","0","5820","HONG KONG","1012","JFK INTERNATIONAL AIRPORT, NY","43","2024","HS2","2024-12"
"186","81525","4285","0","0","5880","JAPAN","1012","JFK INTERNATIONAL AIRPORT, NY","43","2024","HS2","2024-12"
"187","20014277","179916","0","0","5XXX","ASIA","1012","JFK INTERNATIONAL AIRPORT, NY","43","2024","HS2","2024-12"
"188","62130","867","0","0","6021","AUSTRALIA","1012","JFK INTERNATIONAL AIRPORT, NY","43","2024","HS2","2024-12"
"189","62130","867","0","0","6XXX","AUSTRALIA AND OCEANIA","1012","JFK INTERNATIONAL AIRPORT, NY","43","2024","HS2","2024-12"
"190","28246","423","0","0","7790","KENYA","1012","JFK INTERNATIONAL AIRPORT, NY","43","2024","HS2","2024-12"
"191","28246","423","0","0","7XXX","AFRICA","1012","JFK INTERNATIONAL AIRPORT, NY","43","2024","HS2","2024-12"
"192","0","0","0","0","0017","CAFTA-DR","1101","PHILADELPHIA, PA","43","2024","HS2","2024-12"
"193","0","0","0","0","0021","TWENTY LATIN AMERICAN REPUBLICS","1101","PHILADELPHIA, PA","43","2024","HS2","2024-12"
"194","0","0","0","0","0028","CACM","1101","PHILADELPHIA, PA","43","2024","HS2","2024-12"
"195","0","0","0","0","2230","COSTA RICA","1101","PHILADELPHIA, PA","43","2024","HS2","2024-12"
"196","0","0","0","0","2XXX","CENTRAL AMERICA","1101","PHILADELPHIA, PA","43","2024","HS2","2024-12"
"197","0","0","9134","272","2320","BERMUDA","1103","WILMINGTON, DE","43","2024","HS2","2024-12"
"198","0","0","9134","272","2XXX","CENTRAL AMERICA","1103","WILMINGTON, DE","43","2024","HS2","2024-12"
"199","105750","1190","0","0","0003","EUROPEAN UNION","1108","PHILADELPHIA INTERNATIONAL AIRPORT, PA","43","2024","HS2","2024-12"
"200","128942","1406","0","0","0022","OECD","1108","PHILADELPHIA INTERNATIONAL AIRPORT, PA","43","2024","HS2","2024-12"
"201","122326","1339","0","0","0023","NATO","1108","PHILADELPHIA INTERNATIONAL AIRPORT, PA","43","2024","HS2","2024-12"
"202","105750","1190","0","0","0025","EURO AREA","1108","PHILADELPHIA INTERNATIONAL AIRPORT, PA","43","2024","HS2","2024-12"
"203","3247","9","0","0","4419","SWITZERLAND","1108","PHILADELPHIA INTERNATIONAL AIRPORT, PA","43","2024","HS2","2024-12"
"204","19945","207","0","0","4120","UNITED KINGDOM","1108","PHILADELPHIA INTERNATIONAL AIRPORT, PA","43","2024","HS2","2024-12"
"205","49070","350","0","0","4279","FRANCE","1108","PHILADELPHIA INTERNATIONAL AIRPORT, PA","43","2024","HS2","2024-12"
"206","3369","58","0","0","4330","AUSTRIA","1108","PHILADELPHIA INTERNATIONAL AIRPORT, PA","43","2024","HS2","2024-12"
"207","53311","782","0","0","4759","ITALY","1108","PHILADELPHIA INTERNATIONAL AIRPORT, PA","43","2024","HS2","2024-12"
"208","128942","1406","0","0","4XXX","EUROPE","1108","PHILADELPHIA INTERNATIONAL AIRPORT, PA","43","2024","HS2","2024-12"
"209","0","0","3000","227","0021","TWENTY LATIN AMERICAN REPUBLICS","1303","BALTIMORE, MD","43","2024","HS2","2024-12"
"210","0","0","3000","227","2250","PANAMA","1303","BALTIMORE, MD","43","2024","HS2","2024-12"
"211","0","0","3000","227","2XXX","CENTRAL AMERICA","1303","BALTIMORE, MD","43","2024","HS2","2024-12"
"212","0","0","3307389","57355","0003","EUROPEAN UNION","1401","NORFOLK-NEWPORT NEWS, VA","43","2024","HS2","2024-12"
"213","0","0","3358","59","0014","PACIFIC RIM COUNTRIES","1401","NORFOLK-NEWPORT NEWS, VA","43","2024","HS2","2024-12"
"214","0","0","3310747","57414","0022","OECD","1401","NORFOLK-NEWPORT NEWS, VA","43","2024","HS2","2024-12"
"215","0","0","3307389","57355","0023","NATO","1401","NORFOLK-NEWPORT NEWS, VA","43","2024","HS2","2024-12"
"216","0","0","3307389","57355","0025","EURO AREA","1401","NORFOLK-NEWPORT NEWS, VA","43","2024","HS2","2024-12"
"217","0","0","3358","59","0026","APEC","1401","NORFOLK-NEWPORT NEWS, VA","43","2024","HS2","2024-12"
"218","0","0","34552","497","4280","GERMANY","1401","NORFOLK-NEWPORT NEWS, VA","43","2024","HS2","2024-12"
"219","0","0","317966","6831","4623","UKRAINE","1401","NORFOLK-NEWPORT NEWS, VA","43","2024","HS2","2024-12"
"220","0","0","3272837","56858","4710","PORTUGAL","1401","NORFOLK-NEWPORT NEWS, VA","43","2024","HS2","2024-12"
"221","0","0","3625355","64186","4XXX","EUROPE","1401","NORFOLK-NEWPORT NEWS, VA","43","2024","HS2","2024-12"
"222","0","0","13042","427","5230","OMAN","1401","NORFOLK-NEWPORT NEWS, VA","43","2024","HS2","2024-12"
"223","0","0","0","0","5700","CHINA","1401","NORFOLK-NEWPORT NEWS, VA","43","2024","HS2","2024-12"
"224","0","0","3358","59","5800","KOREA, SOUTH","1401","NORFOLK-NEWPORT NEWS, VA","43","2024","HS2","2024-12"
"225","0","0","16400","486","5XXX","ASIA","1401","NORFOLK-NEWPORT NEWS, VA","43","2024","HS2","2024-12"
"226","6060","23","0","0","0022","OECD","1512","CHARLOTTE, NC","43","2024","HS2","2024-12"
"227","6060","23","0","0","4419","SWITZERLAND","1512","CHARLOTTE, NC","43","2024","HS2","2024-12"
"228","6060","23","0","0","4XXX","EUROPE","1512","CHARLOTTE, NC","43","2024","HS2","2024-12"
"229","0","0","92500","2000","0021","TWENTY LATIN AMERICAN REPUBLICS","1601","CHARLESTON, SC","43","2024","HS2","2024-12"
"230","0","0","92500","2000","2250","PANAMA","1601","CHARLESTON, SC","43","2024","HS2","2024-12"
"231","0","0","92500","2000","2XXX","CENTRAL AMERICA","1601","CHARLESTON, SC","43","2024","HS2","2024-12"
"232","0","0","36450","1427","0003","EUROPEAN UNION","1703","SAVANNAH, GA","43","2024","HS2","2024-12"
"233","0","0","36450","1427","0022","OECD","1703","SAVANNAH, GA","43","2024","HS2","2024-12"
"234","0","0","36450","1427","0023","NATO","1703","SAVANNAH, GA","43","2024","HS2","2024-12"
"235","0","0","36450","1427","0025","EURO AREA","1703","SAVANNAH, GA","43","2024","HS2","2024-12"
"236","0","0","0","0","4120","UNITED KINGDOM","1703","SAVANNAH, GA","43","2024","HS2","2024-12"
"237","0","0","0","0","4279","FRANCE","1703","SAVANNAH, GA","43","2024","HS2","2024-12"
"238","0","0","0","0","4550","POLAND","1703","SAVANNAH, GA","43","2024","HS2","2024-12"
"239","0","0","36450","1427","4759","ITALY","1703","SAVANNAH, GA","43","2024","HS2","2024-12"
"240","0","0","36450","1427","4XXX","EUROPE","1703","SAVANNAH, GA","43","2024","HS2","2024-12"
"241","10293","23","0","0","0003","EUROPEAN UNION","1704","ATLANTA, GA","43","2024","HS2","2024-12"
"242","16400","604","0","0","0014","PACIFIC RIM COUNTRIES","1704","ATLANTA, GA","43","2024","HS2","2024-12"
"243","10293","23","0","0","0022","OECD","1704","ATLANTA, GA","43","2024","HS2","2024-12"
"244","10293","23","0","0","0023","NATO","1704","ATLANTA, GA","43","2024","HS2","2024-12"
"245","10293","23","0","0","0025","EURO AREA","1704","ATLANTA, GA","43","2024","HS2","2024-12"
"246","16400","604","0","0","0026","APEC","1704","ATLANTA, GA","43","2024","HS2","2024-12"
"247","10293","23","0","0","4280","GERMANY","1704","ATLANTA, GA","43","2024","HS2","2024-12"
"248","10293","23","0","0","4XXX","EUROPE","1704","ATLANTA, GA","43","2024","HS2","2024-12"
"249","16400","604","0","0","5820","HONG KONG","1704","ATLANTA, GA","43","2024","HS2","2024-12"
"250","16400","604","0","0","5XXX","ASIA","1704","ATLANTA, GA","43","2024","HS2","2024-12"
"251","17695","245","0","0","7700","SOMALIA","1704","ATLANTA, GA","43","2024","HS2","2024-12"
"252","17695","245","0","0","7XXX","AFRICA","1704","ATLANTA, GA","43","2024","HS2","2024-12"
"253","0","0","19560","435","0021","TWENTY LATIN AMERICAN REPUBLICS","1803","JACKSONVILLE, FL","43","2024","HS2","2024-12"
"254","0","0","19560","435","2390","CUBA","1803","JACKSONVILLE, FL","43","2024","HS2","2024-12"
"255","0","0","19560","435","2XXX","CENTRAL AMERICA","1803","JACKSONVILLE, FL","43","2024","HS2","2024-12"
"256","0","0","15041","2205","2320","BERMUDA","1805","FERNANDINA, FL","43","2024","HS2","2024-12"
"257","0","0","15041","2205","2XXX","CENTRAL AMERICA","1805","FERNANDINA, FL","43","2024","HS2","2024-12"
"258","77536","2651","0","0","0003","EUROPEAN UNION","2002","NEW ORLEANS, LA","43","2024","HS2","2024-12"
"259","34386","329","0","0","0020","USMCA (NAFTA)","2002","NEW ORLEANS, LA","43","2024","HS2","2024-12"
"260","183026","11002","0","0","0022","OECD","2002","NEW ORLEANS, LA","43","2024","HS2","2024-12"
"261","165304","10695","0","0","0023","NATO","2002","NEW ORLEANS, LA","43","2024","HS2","2024-12"
"262","77536","2651","0","0","0025","EURO AREA","2002","NEW ORLEANS, LA","43","2024","HS2","2024-12"
"263","34386","329","0","0","0026","APEC","2002","NEW ORLEANS, LA","43","2024","HS2","2024-12"
"264","34386","329","0","0","1220","CANADA","2002","NEW ORLEANS, LA","43","2024","HS2","2024-12"
"265","34386","329","0","0","1XXX","NORTH AMERICA","2002","NEW ORLEANS, LA","43","2024","HS2","2024-12"
"266","3500","11","0","0","2483","ST KITTS AND NEVIS","2002","NEW ORLEANS, LA","43","2024","HS2","2024-12"
"267","3500","11","0","0","2XXX","CENTRAL AMERICA","2002","NEW ORLEANS, LA","43","2024","HS2","2024-12"
"268","55350","7848","0","0","4039","NORWAY","2002","NEW ORLEANS, LA","43","2024","HS2","2024-12"
"269","12420","116","0","0","4120","UNITED KINGDOM","2002","NEW ORLEANS, LA","43","2024","HS2","2024-12"
"270","22843","995","0","0","4210","NETHERLANDS","2002","NEW ORLEANS, LA","43","2024","HS2","2024-12"
"271","3099","54","0","0","4279","FRANCE","2002","NEW ORLEANS, LA","43","2024","HS2","2024-12"
"272","24071","490","0","0","4280","GERMANY","2002","NEW ORLEANS, LA","43","2024","HS2","2024-12"
"273","14388","249","0","0","4330","AUSTRIA","2002","NEW ORLEANS, LA","43","2024","HS2","2024-12"
"274","3334","58","0","0","4419","SWITZERLAND","2002","NEW ORLEANS, LA","43","2024","HS2","2024-12"
"275","13135","863","0","0","4759","ITALY","2002","NEW ORLEANS, LA","43","2024","HS2","2024-12"
"276","148640","10673","0","0","4XXX","EUROPE","2002","NEW ORLEANS, LA","43","2024","HS2","2024-12"
"277","0","0","32000","3000","7410","MAURITANIA","2002","NEW ORLEANS, LA","43","2024","HS2","2024-12"
"278","0","0","32000","3000","7XXX","AFRICA","2002","NEW ORLEANS, LA","43","2024","HS2","2024-12"
"279","3240","150","0","0","0003","EUROPEAN UNION","2006","MEMPHIS, TN","43","2024","HS2","2024-12"
"280","3240","150","0","0","0022","OECD","2006","MEMPHIS, TN","43","2024","HS2","2024-12"
"281","3240","150","0","0","0023","NATO","2006","MEMPHIS, TN","43","2024","HS2","2024-12"
"282","3240","150","0","0","0025","EURO AREA","2006","MEMPHIS, TN","43","2024","HS2","2024-12"
"283","3240","150","0","0","4279","FRANCE","2006","MEMPHIS, TN","43","2024","HS2","2024-12"
"284","3240","150","0","0","4XXX","EUROPE","2006","MEMPHIS, TN","43","2024","HS2","2024-12"
"285","0","0","0","0","0020","USMCA (NAFTA)","2304","LAREDO, TX","43","2024","HS2","2024-12"
"286","0","0","0","0","0021","TWENTY LATIN AMERICAN REPUBLICS","2304","LAREDO, TX","43","2024","HS2","2024-12"
"287","0","0","0","0","0022","OECD","2304","LAREDO, TX","43","2024","HS2","2024-12"
"288","0","0","0","0","0024","LAFTA","2304","LAREDO, TX","43","2024","HS2","2024-12"
"289","0","0","0","0","0026","APEC","2304","LAREDO, TX","43","2024","HS2","2024-12"
"290","0","0","0","0","0021","TWENTY LATIN AMERICAN REPUBLICS","2310","ROMA, TX","43","2024","HS2","2024-12"
"291","0","0","0","0","1XXX","NORTH AMERICA","2304","LAREDO, TX","43","2024","HS2","2024-12"
"292","0","0","0","0","2010","MEXICO","2304","LAREDO, TX","43","2024","HS2","2024-12"
"293","0","0","0","0","0020","USMCA (NAFTA)","2310","ROMA, TX","43","2024","HS2","2024-12"
"294","0","0","0","0","0022","OECD","2310","ROMA, TX","43","2024","HS2","2024-12"
"295","0","0","0","0","0024","LAFTA","2310","ROMA, TX","43","2024","HS2","2024-12"
"296","0","0","0","0","0026","APEC","2310","ROMA, TX","43","2024","HS2","2024-12"
"297","0","0","0","0","1XXX","NORTH AMERICA","2310","ROMA, TX","43","2024","HS2","2024-12"
"298","0","0","0","0","2010","MEXICO","2310","ROMA, TX","43","2024","HS2","2024-12"
"299","0","0","0","0","0020","USMCA (NAFTA)","2401","YSLETA, TX","43","2024","HS2","2024-12"
"300","0","0","0","0","0021","TWENTY LATIN AMERICAN REPUBLICS","2401","YSLETA, TX","43","2024","HS2","2024-12"
"301","0","0","0","0","0022","OECD","2401","YSLETA, TX","43","2024","HS2","2024-12"
"302","0","0","0","0","0024","LAFTA","2401","YSLETA, TX","43","2024","HS2","2024-12"
"303","0","0","0","0","0026","APEC","2401","YSLETA, TX","43","2024","HS2","2024-12"
"304","0","0","0","0","1XXX","NORTH AMERICA","2401","YSLETA, TX","43","2024","HS2","2024-12"
"305","0","0","0","0","2010","MEXICO","2401","YSLETA, TX","43","2024","HS2","2024-12"
"306","0","0","0","0","0020","USMCA (NAFTA)","2402","EL PASO, TX","43","2024","HS2","2024-12"
"307","0","0","0","0","0021","TWENTY LATIN AMERICAN REPUBLICS","2402","EL PASO, TX","43","2024","HS2","2024-12"
"308","0","0","0","0","0022","OECD","2402","EL PASO, TX","43","2024","HS2","2024-12"
"309","0","0","0","0","0024","LAFTA","2402","EL PASO, TX","43","2024","HS2","2024-12"
"310","0","0","0","0","0026","APEC","2402","EL PASO, TX","43","2024","HS2","2024-12"
"311","0","0","0","0","1XXX","NORTH AMERICA","2402","EL PASO, TX","43","2024","HS2","2024-12"
"312","0","0","0","0","2010","MEXICO","2402","EL PASO, TX","43","2024","HS2","2024-12"
"313","0","0","0","0","0020","USMCA (NAFTA)","2406","COLUMBUS, NM","43","2024","HS2","2024-12"
"314","0","0","0","0","0021","TWENTY LATIN AMERICAN REPUBLICS","2406","COLUMBUS, NM","43","2024","HS2","2024-12"
"315","0","0","0","0","0022","OECD","2406","COLUMBUS, NM","43","2024","HS2","2024-12"
"316","0","0","0","0","0024","LAFTA","2406","COLUMBUS, NM","43","2024","HS2","2024-12"
"317","0","0","0","0","0026","APEC","2406","COLUMBUS, NM","43","2024","HS2","2024-12"
"318","0","0","0","0","1XXX","NORTH AMERICA","2406","COLUMBUS, NM","43","2024","HS2","2024-12"
"319","0","0","0","0","2010","MEXICO","2406","COLUMBUS, NM","43","2024","HS2","2024-12"
"320","0","0","6061957","127554","0021","TWENTY LATIN AMERICAN REPUBLICS","2501","SAN DIEGO, CA","43","2024","HS2","2024-12"
"321","0","0","6061957","127554","0024","LAFTA","2501","SAN DIEGO, CA","43","2024","HS2","2024-12"
"322","0","0","6061957","127554","3310","ECUADOR","2501","SAN DIEGO, CA","43","2024","HS2","2024-12"
"323","0","0","6061957","127554","3XXX","SOUTH AMERICA","2501","SAN DIEGO, CA","43","2024","HS2","2024-12"
"324","0","0","0","0","0020","USMCA (NAFTA)","2506","OTAY MESA, CA","43","2024","HS2","2024-12"
"325","0","0","0","0","0021","TWENTY LATIN AMERICAN REPUBLICS","2506","OTAY MESA, CA","43","2024","HS2","2024-12"
"326","0","0","0","0","0022","OECD","2506","OTAY MESA, CA","43","2024","HS2","2024-12"
"327","0","0","0","0","0024","LAFTA","2506","OTAY MESA, CA","43","2024","HS2","2024-12"
"328","0","0","0","0","0026","APEC","2506","OTAY MESA, CA","43","2024","HS2","2024-12"
"329","0","0","0","0","1XXX","NORTH AMERICA","2506","OTAY MESA, CA","43","2024","HS2","2024-12"
"330","0","0","0","0","2010","MEXICO","2506","OTAY MESA, CA","43","2024","HS2","2024-12"
"331","0","0","31702","1259","0003","EUROPEAN UNION","2704","LOS ANGELES, CA","43","2024","HS2","2024-12"
"332","0","0","12625","377","0014","PACIFIC RIM COUNTRIES","2704","LOS ANGELES, CA","43","2024","HS2","2024-12"
"333","0","0","33914","2564","0017","CAFTA-DR","2704","LOS ANGELES, CA","43","2024","HS2","2024-12"
"334","0","0","112306","3693","0021","TWENTY LATIN AMERICAN REPUBLICS","2704","LOS ANGELES, CA","43","2024","HS2","2024-12"
"335","0","0","111219","4329","0022","OECD","2704","LOS ANGELES, CA","43","2024","HS2","2024-12"
"336","0","0","47202","3599","0023","NATO","2704","LOS ANGELES, CA","43","2024","HS2","2024-12"
"337","0","0","51392","353","0024","LAFTA","2704","LOS ANGELES, CA","43","2024","HS2","2024-12"
"338","0","0","31702","1259","0025","EURO AREA","2704","LOS ANGELES, CA","43","2024","HS2","2024-12"
"339","0","0","245712","14917","0026","APEC","2704","LOS ANGELES, CA","43","2024","HS2","2024-12"
"340","0","0","314195","17147","0027","ASEAN","2704","LOS ANGELES, CA","43","2024","HS2","2024-12"
"341","0","0","33914","2564","0028","CACM","2704","LOS ANGELES, CA","43","2024","HS2","2024-12"
"342","0","0","33914","2564","2050","GUATEMALA","2704","LOS ANGELES, CA","43","2024","HS2","2024-12"
"343","0","0","27000","776","2250","PANAMA","2704","LOS ANGELES, CA","43","2024","HS2","2024-12"
"344","0","0","60914","3340","2XXX","CENTRAL AMERICA","2704","LOS ANGELES, CA","43","2024","HS2","2024-12"
"345","0","0","51392","353","3370","CHILE","2704","LOS ANGELES, CA","43","2024","HS2","2024-12"
"346","0","0","0","0","3510","BRAZIL","2704","LOS ANGELES, CA","43","2024","HS2","2024-12"
"347","0","0","51392","353","3XXX","SOUTH AMERICA","2704","LOS ANGELES, CA","43","2024","HS2","2024-12"
"348","0","0","15500","2340","4120","UNITED KINGDOM","2704","LOS ANGELES, CA","43","2024","HS2","2024-12"
"349","0","0","31702","1259","4279","FRANCE","2704","LOS ANGELES, CA","43","2024","HS2","2024-12"
"350","0","0","47202","3599","4XXX","EUROPE","2704","LOS ANGELES, CA","43","2024","HS2","2024-12"
"351","0","0","181695","14187","5490","THAILAND","2704","LOS ANGELES, CA","43","2024","HS2","2024-12"
"352","0","0","132500","2960","5550","CAMBODIA","2704","LOS ANGELES, CA","43","2024","HS2","2024-12"
"353","0","0","0","0","5700","CHINA","2704","LOS ANGELES, CA","43","2024","HS2","2024-12"
"354","0","0","0","0","5820","HONG KONG","2704","LOS ANGELES, CA","43","2024","HS2","2024-12"
"355","0","0","0","0","5880","JAPAN","2704","LOS ANGELES, CA","43","2024","HS2","2024-12"
"356","0","0","314195","17147","5XXX","ASIA","2704","LOS ANGELES, CA","43","2024","HS2","2024-12"
"357","0","0","2816","123","6021","AUSTRALIA","2704","LOS ANGELES, CA","43","2024","HS2","2024-12"
"358","0","0","9809","254","6141","NEW ZEALAND","2704","LOS ANGELES, CA","43","2024","HS2","2024-12"
"359","0","0","12625","377","6XXX","AUSTRALIA AND OCEANIA","2704","LOS ANGELES, CA","43","2024","HS2","2024-12"
"360","0","0","4259","1199","0003","EUROPEAN UNION","2709","LONG BEACH, CA","43","2024","HS2","2024-12"
"361","0","0","238032","11602","0014","PACIFIC RIM COUNTRIES","2709","LONG BEACH, CA","43","2024","HS2","2024-12"
"362","0","0","11315","1999","0022","OECD","2709","LONG BEACH, CA","43","2024","HS2","2024-12"
"363","0","0","4259","1199","0023","NATO","2709","LONG BEACH, CA","43","2024","HS2","2024-12"
"364","0","0","688598","23239","0026","APEC","2709","LONG BEACH, CA","43","2024","HS2","2024-12"
"365","0","0","558071","20239","0027","ASEAN","2709","LONG BEACH, CA","43","2024","HS2","2024-12"
"366","0","0","4259","1199","4550","POLAND","2709","LONG BEACH, CA","43","2024","HS2","2024-12"
"367","0","0","4259","1199","4XXX","EUROPE","2709","LONG BEACH, CA","43","2024","HS2","2024-12"
"368","0","0","528282","21497","5200","UNITED ARAB EMIRATES","2709","LONG BEACH, CA","43","2024","HS2","2024-12"
"369","0","0","450566","11637","5490","THAILAND","2709","LONG BEACH, CA","43","2024","HS2","2024-12"
"370","0","0","107505","8602","5550","CAMBODIA","2709","LONG BEACH, CA","43","2024","HS2","2024-12"
"371","0","0","0","0","5650","PHILIPPINES","2709","LONG BEACH, CA","43","2024","HS2","2024-12"
"372","0","0","167061","9886","5700","CHINA","2709","LONG BEACH, CA","43","2024","HS2","2024-12"
"373","0","0","7056","800","5800","KOREA, SOUTH","2709","LONG BEACH, CA","43","2024","HS2","2024-12"
"374","0","0","63915","916","5820","HONG KONG","2709","LONG BEACH, CA","43","2024","HS2","2024-12"
"375","0","0","1324385","53338","5XXX","ASIA","2709","LONG BEACH, CA","43","2024","HS2","2024-12"
"376","0","0","8000","136","6810","MARSHALL ISLANDS","2709","LONG BEACH, CA","43","2024","HS2","2024-12"
"377","0","0","8000","136","6XXX","AUSTRALIA AND OCEANIA","2709","LONG BEACH, CA","43","2024","HS2","2024-12"
"378","0","0","8976","100","2230","COSTA RICA","2713","PORT HUENEME, CA","43","2024","HS2","2024-12"
"379","0","0","8976","100","0017","CAFTA-DR","2713","PORT HUENEME, CA","43","2024","HS2","2024-12"
"380","0","0","8976","100","0021","TWENTY LATIN AMERICAN REPUBLICS","2713","PORT HUENEME, CA","43","2024","HS2","2024-12"
"381","0","0","8976","100","0028","CACM","2713","PORT HUENEME, CA","43","2024","HS2","2024-12"
"382","0","0","8976","100","2XXX","CENTRAL AMERICA","2713","PORT HUENEME, CA","43","2024","HS2","2024-12"
"383","1783176","36839","0","0","0003","EUROPEAN UNION","2720","LOS ANGELES INTERNATIONAL AIRPORT, CA","43","2024","HS2","2024-12"
"384","741884","28183","0","0","0014","PACIFIC RIM COUNTRIES","2720","LOS ANGELES INTERNATIONAL AIRPORT, CA","43","2024","HS2","2024-12"
"385","2076881","40003","0","0","0022","OECD","2720","LOS ANGELES INTERNATIONAL AIRPORT, CA","43","2024","HS2","2024-12"
"386","1869438","37049","0","0","0023","NATO","2720","LOS ANGELES INTERNATIONAL AIRPORT, CA","43","2024","HS2","2024-12"
"387","1783176","36839","0","0","0025","EURO AREA","2720","LOS ANGELES INTERNATIONAL AIRPORT, CA","43","2024","HS2","2024-12"
"388","2667224","37998","0","0","0026","APEC","2720","LOS ANGELES INTERNATIONAL AIRPORT, CA","43","2024","HS2","2024-12"
"389","5786164","31045","0","0","0027","ASEAN","2720","LOS ANGELES INTERNATIONAL AIRPORT, CA","43","2024","HS2","2024-12"
"390","2611","59","0","0","4039","NORWAY","2720","LOS ANGELES INTERNATIONAL AIRPORT, CA","43","2024","HS2","2024-12"
"391","86628","203","0","0","4120","UNITED KINGDOM","2720","LOS ANGELES INTERNATIONAL AIRPORT, CA","43","2024","HS2","2024-12"
"392","52110","976","0","0","4210","NETHERLANDS","2720","LOS ANGELES INTERNATIONAL AIRPORT, CA","43","2024","HS2","2024-12"
"393","327269","11761","0","0","4279","FRANCE","2720","LOS ANGELES INTERNATIONAL AIRPORT, CA","43","2024","HS2","2024-12"
"394","834761","20936","0","0","4280","GERMANY","2720","LOS ANGELES INTERNATIONAL AIRPORT, CA","43","2024","HS2","2024-12"
"395","4521","78","0","0","4419","SWITZERLAND","2720","LOS ANGELES INTERNATIONAL AIRPORT, CA","43","2024","HS2","2024-12"
"396","6737","68","0","0","4700","SPAIN","2720","LOS ANGELES INTERNATIONAL AIRPORT, CA","43","2024","HS2","2024-12"
"397","19849","33","0","0","4759","ITALY","2720","LOS ANGELES INTERNATIONAL AIRPORT, CA","43","2024","HS2","2024-12"
"398","539473","3013","0","0","4840","GREECE","2720","LOS ANGELES INTERNATIONAL AIRPORT, CA","43","2024","HS2","2024-12"
"399","2977","52","0","0","4910","CYPRUS","2720","LOS ANGELES INTERNATIONAL AIRPORT, CA","43","2024","HS2","2024-12"
"400","1876936","37179","0","0","4XXX","EUROPE","2720","LOS ANGELES INTERNATIONAL AIRPORT, CA","43","2024","HS2","2024-12"
"401","33905","555","0","0","5081","ISRAEL","2720","LOS ANGELES INTERNATIONAL AIRPORT, CA","43","2024","HS2","2024-12"
"402","2600","4","0","0","5200","UNITED ARAB EMIRATES","2720","LOS ANGELES INTERNATIONAL AIRPORT, CA","43","2024","HS2","2024-12"
"403","20444","136","0","0","5420","SRI LANKA","2720","LOS ANGELES INTERNATIONAL AIRPORT, CA","43","2024","HS2","2024-12"
"404","1925340","9815","0","0","5490","THAILAND","2720","LOS ANGELES INTERNATIONAL AIRPORT, CA","43","2024","HS2","2024-12"
"405","3820644","20321","0","0","5550","CAMBODIA","2720","LOS ANGELES INTERNATIONAL AIRPORT, CA","43","2024","HS2","2024-12"
"406","40180","909","0","0","5650","PHILIPPINES","2720","LOS ANGELES INTERNATIONAL AIRPORT, CA","43","2024","HS2","2024-12"
"407","30159","886","0","0","5800","KOREA, SOUTH","2720","LOS ANGELES INTERNATIONAL AIRPORT, CA","43","2024","HS2","2024-12"
"408","528820","24929","0","0","5820","HONG KONG","2720","LOS ANGELES INTERNATIONAL AIRPORT, CA","43","2024","HS2","2024-12"
"409","3867","24","0","0","5830","TAIWAN","2720","LOS ANGELES INTERNATIONAL AIRPORT, CA","43","2024","HS2","2024-12"
"410","124887","1165","0","0","5880","JAPAN","2720","LOS ANGELES INTERNATIONAL AIRPORT, CA","43","2024","HS2","2024-12"
"411","6530846","58744","0","0","5XXX","ASIA","2720","LOS ANGELES INTERNATIONAL AIRPORT, CA","43","2024","HS2","2024-12"
"412","6109","23","0","0","6021","AUSTRALIA","2720","LOS ANGELES INTERNATIONAL AIRPORT, CA","43","2024","HS2","2024-12"
"413","7862","247","0","0","6141","NEW ZEALAND","2720","LOS ANGELES INTERNATIONAL AIRPORT, CA","43","2024","HS2","2024-12"
"414","272509","537","0","0","6414","FRENCH POLYNESIA","2720","LOS ANGELES INTERNATIONAL AIRPORT, CA","43","2024","HS2","2024-12"
"415","286480","807","0","0","6XXX","AUSTRALIA AND OCEANIA","2720","LOS ANGELES INTERNATIONAL AIRPORT, CA","43","2024","HS2","2024-12"
"416","7136","4","0","0","0003","EUROPEAN UNION","2801","SAN FRANCISCO INTERNATIONAL AIRPORT, CA","43","2024","HS2","2024-12"
"417","148500","40","0","0","0014","PACIFIC RIM COUNTRIES","2801","SAN FRANCISCO INTERNATIONAL AIRPORT, CA","43","2024","HS2","2024-12"
"418","7136","4","0","0","0022","OECD","2801","SAN FRANCISCO INTERNATIONAL AIRPORT, CA","43","2024","HS2","2024-12"
"419","7136","4","0","0","0023","NATO","2801","SAN FRANCISCO INTERNATIONAL AIRPORT, CA","43","2024","HS2","2024-12"
"420","7136","4","0","0","0025","EURO AREA","2801","SAN FRANCISCO INTERNATIONAL AIRPORT, CA","43","2024","HS2","2024-12"
"421","1549974","6724","0","0","0026","APEC","2801","SAN FRANCISCO INTERNATIONAL AIRPORT, CA","43","2024","HS2","2024-12"
"422","1401474","6684","0","0","0027","ASEAN","2801","SAN FRANCISCO INTERNATIONAL AIRPORT, CA","43","2024","HS2","2024-12"
"423","7136","4","0","0","4759","ITALY","2801","SAN FRANCISCO INTERNATIONAL AIRPORT, CA","43","2024","HS2","2024-12"
"424","7136","4","0","0","4XXX","EUROPE","2801","SAN FRANCISCO INTERNATIONAL AIRPORT, CA","43","2024","HS2","2024-12"
"425","1401474","6684","0","0","5490","THAILAND","2801","SAN FRANCISCO INTERNATIONAL AIRPORT, CA","43","2024","HS2","2024-12"
"426","148500","40","0","0","5820","HONG KONG","2801","SAN FRANCISCO INTERNATIONAL AIRPORT, CA","43","2024","HS2","2024-12"
"427","1549974","6724","0","0","5XXX","ASIA","2801","SAN FRANCISCO INTERNATIONAL AIRPORT, CA","43","2024","HS2","2024-12"
"428","7506","142","0","0","7530","NIGERIA","2801","SAN FRANCISCO INTERNATIONAL AIRPORT, CA","43","2024","HS2","2024-12"
"429","7506","142","0","0","7XXX","AFRICA","2801","SAN FRANCISCO INTERNATIONAL AIRPORT, CA","43","2024","HS2","2024-12"
"430","0","0","25000","2011","0003","EUROPEAN UNION","2811","OAKLAND, CA","43","2024","HS2","2024-12"
"431","0","0","25000","2011","0023","NATO","2811","OAKLAND, CA","43","2024","HS2","2024-12"
"432","0","0","25000","2011","0025","EURO AREA","2811","OAKLAND, CA","43","2024","HS2","2024-12"
"433","0","0","25000","2011","4490","LATVIA","2811","OAKLAND, CA","43","2024","HS2","2024-12"
"434","0","0","25000","2011","4XXX","EUROPE","2811","OAKLAND, CA","43","2024","HS2","2024-12"
"435","0","0","13779","603","0003","EUROPEAN UNION","3001","SEATTLE, WA","43","2024","HS2","2024-12"
"436","0","0","0","0","0020","USMCA (NAFTA)","3001","SEATTLE, WA","43","2024","HS2","2024-12"
"437","0","0","13779","603","0022","OECD","3001","SEATTLE, WA","43","2024","HS2","2024-12"
"438","0","0","13779","603","0023","NATO","3001","SEATTLE, WA","43","2024","HS2","2024-12"
"439","0","0","13779","603","0025","EURO AREA","3001","SEATTLE, WA","43","2024","HS2","2024-12"
"440","0","0","0","0","0026","APEC","3001","SEATTLE, WA","43","2024","HS2","2024-12"
"441","0","0","0","0","1220","CANADA","3001","SEATTLE, WA","43","2024","HS2","2024-12"
"442","0","0","0","0","1XXX","NORTH AMERICA","3001","SEATTLE, WA","43","2024","HS2","2024-12"
"443","0","0","13779","603","4280","GERMANY","3001","SEATTLE, WA","43","2024","HS2","2024-12"
"444","0","0","13779","603","4XXX","EUROPE","3001","SEATTLE, WA","43","2024","HS2","2024-12"
"445","3235","8","0","0","0020","USMCA (NAFTA)","3004","BLAINE, WA","43","2024","HS2","2024-12"
"446","3235","8","0","0","0022","OECD","3004","BLAINE, WA","43","2024","HS2","2024-12"
"447","3235","8","0","0","0023","NATO","3004","BLAINE, WA","43","2024","HS2","2024-12"
"448","3235","8","0","0","0026","APEC","3004","BLAINE, WA","43","2024","HS2","2024-12"
"449","3235","8","0","0","1220","CANADA","3004","BLAINE, WA","43","2024","HS2","2024-12"
"450","3235","8","0","0","1XXX","NORTH AMERICA","3004","BLAINE, WA","43","2024","HS2","2024-12"
"451","0","0","0","0","0020","USMCA (NAFTA)","3009","SUMAS, WA","43","2024","HS2","2024-12"
"452","0","0","0","0","0022","OECD","3009","SUMAS, WA","43","2024","HS2","2024-12"
"453","0","0","0","0","0023","NATO","3009","SUMAS, WA","43","2024","HS2","2024-12"
"454","0","0","0","0","0026","APEC","3009","SUMAS, WA","43","2024","HS2","2024-12"
"455","0","0","0","0","1220","CANADA","3009","SUMAS, WA","43","2024","HS2","2024-12"
"456","0","0","0","0","1XXX","NORTH AMERICA","3009","SUMAS, WA","43","2024","HS2","2024-12"
"457","283391","3822","0","0","0020","USMCA (NAFTA)","3029","SEATTLE-TACOMA INTERNATIONAL AIRPORT, WA","43","2024","HS2","2024-12"
"458","283391","3822","0","0","0022","OECD","3029","SEATTLE-TACOMA INTERNATIONAL AIRPORT, WA","43","2024","HS2","2024-12"
"459","283391","3822","0","0","0023","NATO","3029","SEATTLE-TACOMA INTERNATIONAL AIRPORT, WA","43","2024","HS2","2024-12"
"460","286213","3888","0","0","0026","APEC","3029","SEATTLE-TACOMA INTERNATIONAL AIRPORT, WA","43","2024","HS2","2024-12"
"461","2822","66","0","0","0027","ASEAN","3029","SEATTLE-TACOMA INTERNATIONAL AIRPORT, WA","43","2024","HS2","2024-12"
"462","283391","3822","0","0","1220","CANADA","3029","SEATTLE-TACOMA INTERNATIONAL AIRPORT, WA","43","2024","HS2","2024-12"
"463","283391","3822","0","0","1XXX","NORTH AMERICA","3029","SEATTLE-TACOMA INTERNATIONAL AIRPORT, WA","43","2024","HS2","2024-12"
"464","2822","66","0","0","5490","THAILAND","3029","SEATTLE-TACOMA INTERNATIONAL AIRPORT, WA","43","2024","HS2","2024-12"
"465","2822","66","0","0","5XXX","ASIA","3029","SEATTLE-TACOMA INTERNATIONAL AIRPORT, WA","43","2024","HS2","2024-12"
"466","51846","715","0","0","0014","PACIFIC RIM COUNTRIES","3126","ANCHORAGE, AK","43","2024","HS2","2024-12"
"467","6802","25","0","0","5520","VIETNAM","3126","ANCHORAGE, AK","43","2024","HS2","2024-12"
"468","10731","80","0","0","0022","OECD","3126","ANCHORAGE, AK","43","2024","HS2","2024-12"
"469","58648","740","0","0","0026","APEC","3126","ANCHORAGE, AK","43","2024","HS2","2024-12"
"470","13244","113","0","0","0027","ASEAN","3126","ANCHORAGE, AK","43","2024","HS2","2024-12"
"471","6442","88","0","0","5590","SINGAPORE","3126","ANCHORAGE, AK","43","2024","HS2","2024-12"
"472","3000","2","0","0","5800","KOREA, SOUTH","3126","ANCHORAGE, AK","43","2024","HS2","2024-12"
"473","34673","547","0","0","5820","HONG KONG","3126","ANCHORAGE, AK","43","2024","HS2","2024-12"
"474","7731","78","0","0","5880","JAPAN","3126","ANCHORAGE, AK","43","2024","HS2","2024-12"
"475","58648","740","0","0","5XXX","ASIA","3126","ANCHORAGE, AK","43","2024","HS2","2024-12"
"476","17775","12","0","0","0003","EUROPEAN UNION","3205","HONOLULU INTERNATIONAL AIRPORT, HI","43","2024","HS2","2024-12"
"477","51884","435","0","0","0014","PACIFIC RIM COUNTRIES","3205","HONOLULU INTERNATIONAL AIRPORT, HI","43","2024","HS2","2024-12"
"478","30644","148","0","0","0022","OECD","3205","HONOLULU INTERNATIONAL AIRPORT, HI","43","2024","HS2","2024-12"
"479","17775","12","0","0","0023","NATO","3205","HONOLULU INTERNATIONAL AIRPORT, HI","43","2024","HS2","2024-12"
"480","17775","12","0","0","0025","EURO AREA","3205","HONOLULU INTERNATIONAL AIRPORT, HI","43","2024","HS2","2024-12"
"481","51884","435","0","0","0026","APEC","3205","HONOLULU INTERNATIONAL AIRPORT, HI","43","2024","HS2","2024-12"
"482","25865","71","0","0","0027","ASEAN","3205","HONOLULU INTERNATIONAL AIRPORT, HI","43","2024","HS2","2024-12"
"483","17775","12","0","0","4759","ITALY","3205","HONOLULU INTERNATIONAL AIRPORT, HI","43","2024","HS2","2024-12"
"484","17775","12","0","0","4XXX","EUROPE","3205","HONOLULU INTERNATIONAL AIRPORT, HI","43","2024","HS2","2024-12"
"485","25865","71","0","0","5590","SINGAPORE","3205","HONOLULU INTERNATIONAL AIRPORT, HI","43","2024","HS2","2024-12"
"486","13150","228","0","0","5820","HONG KONG","3205","HONOLULU INTERNATIONAL AIRPORT, HI","43","2024","HS2","2024-12"
"487","39015","299","0","0","5XXX","ASIA","3205","HONOLULU INTERNATIONAL AIRPORT, HI","43","2024","HS2","2024-12"
"488","12869","136","0","0","6021","AUSTRALIA","3205","HONOLULU INTERNATIONAL AIRPORT, HI","43","2024","HS2","2024-12"
"489","12869","136","0","0","6XXX","AUSTRALIA AND OCEANIA","3205","HONOLULU INTERNATIONAL AIRPORT, HI","43","2024","HS2","2024-12"
"490","0","0","0","0","0020","USMCA (NAFTA)","3310","SWEETGRASS, MT","43","2024","HS2","2024-12"
"491","0","0","0","0","0022","OECD","3310","SWEETGRASS, MT","43","2024","HS2","2024-12"
"492","0","0","0","0","0023","NATO","3310","SWEETGRASS, MT","43","2024","HS2","2024-12"
"493","0","0","0","0","0026","APEC","3310","SWEETGRASS, MT","43","2024","HS2","2024-12"
"494","0","0","0","0","1220","CANADA","3310","SWEETGRASS, MT","43","2024","HS2","2024-12"
"495","0","0","0","0","1XXX","NORTH AMERICA","3310","SWEETGRASS, MT","43","2024","HS2","2024-12"
"496","0","0","0","0","0020","USMCA (NAFTA)","3316","PIEGAN, MT","43","2024","HS2","2024-12"
"497","0","0","0","0","0022","OECD","3316","PIEGAN, MT","43","2024","HS2","2024-12"
"498","0","0","0","0","0023","NATO","3316","PIEGAN, MT","43","2024","HS2","2024-12"
"499","0","0","0","0","0026","APEC","3316","PIEGAN, MT","43","2024","HS2","2024-12"
"500","0","0","0","0","1220","CANADA","3316","PIEGAN, MT","43","2024","HS2","2024-12"
"501","0","0","0","0","1XXX","NORTH AMERICA","3316","PIEGAN, MT","43","2024","HS2","2024-12"
"502","0","0","0","0","0020","USMCA (NAFTA)","3401","PEMBINA, ND","43","2024","HS2","2024-12"
"503","0","0","0","0","0022","OECD","3401","PEMBINA, ND","43","2024","HS2","2024-12"
"504","0","0","0","0","0023","NATO","3401","PEMBINA, ND","43","2024","HS2","2024-12"
"505","0","0","0","0","0026","APEC","3401","PEMBINA, ND","43","2024","HS2","2024-12"
"506","0","0","0","0","1220","CANADA","3401","PEMBINA, ND","43","2024","HS2","2024-12"
"507","0","0","0","0","1XXX","NORTH AMERICA","3401","PEMBINA, ND","43","2024","HS2","2024-12"
"508","0","0","0","0","0020","USMCA (NAFTA)","3403","PORTAL, ND","43","2024","HS2","2024-12"
"509","0","0","0","0","0022","OECD","3403","PORTAL, ND","43","2024","HS2","2024-12"
"510","0","0","0","0","0023","NATO","3403","PORTAL, ND","43","2024","HS2","2024-12"
"511","0","0","0","0","0026","APEC","3403","PORTAL, ND","43","2024","HS2","2024-12"
"512","0","0","0","0","1220","CANADA","3403","PORTAL, ND","43","2024","HS2","2024-12"
"513","0","0","0","0","1XXX","NORTH AMERICA","3403","PORTAL, ND","43","2024","HS2","2024-12"
"514","17318","154","0","0","0020","USMCA (NAFTA)","3501","MINNEAPOLIS-ST. PAUL, MN","43","2024","HS2","2024-12"
"515","17318","154","0","0","0022","OECD","3501","MINNEAPOLIS-ST. PAUL, MN","43","2024","HS2","2024-12"
"516","17318","154","0","0","0023","NATO","3501","MINNEAPOLIS-ST. PAUL, MN","43","2024","HS2","2024-12"
"517","17318","154","0","0","0026","APEC","3501","MINNEAPOLIS-ST. PAUL, MN","43","2024","HS2","2024-12"
"518","17318","154","0","0","1220","CANADA","3501","MINNEAPOLIS-ST. PAUL, MN","43","2024","HS2","2024-12"
"519","17318","154","0","0","1XXX","NORTH AMERICA","3501","MINNEAPOLIS-ST. PAUL, MN","43","2024","HS2","2024-12"
"520","0","0","0","0","0003","EUROPEAN UNION","3801","DETROIT, MI","43","2024","HS2","2024-12"
"521","0","0","0","0","0020","USMCA (NAFTA)","3801","DETROIT, MI","43","2024","HS2","2024-12"
"522","0","0","0","0","0022","OECD","3801","DETROIT, MI","43","2024","HS2","2024-12"
"523","0","0","0","0","0023","NATO","3801","DETROIT, MI","43","2024","HS2","2024-12"
"524","0","0","0","0","0025","EURO AREA","3801","DETROIT, MI","43","2024","HS2","2024-12"
"525","0","0","0","0","0026","APEC","3801","DETROIT, MI","43","2024","HS2","2024-12"
"526","0","0","0","0","1220","CANADA","3801","DETROIT, MI","43","2024","HS2","2024-12"
"527","0","0","0","0","1XXX","NORTH AMERICA","3801","DETROIT, MI","43","2024","HS2","2024-12"
"528","0","0","0","0","4280","GERMANY","3801","DETROIT, MI","43","2024","HS2","2024-12"
"529","0","0","0","0","4XXX","EUROPE","3801","DETROIT, MI","43","2024","HS2","2024-12"
"530","0","0","784751","13300","0003","EUROPEAN UNION","3802","PORT HURON, MI","43","2024","HS2","2024-12"
"531","0","0","0","0","0020","USMCA (NAFTA)","3802","PORT HURON, MI","43","2024","HS2","2024-12"
"532","0","0","784751","13300","0022","OECD","3802","PORT HURON, MI","43","2024","HS2","2024-12"
"533","0","0","784751","13300","0023","NATO","3802","PORT HURON, MI","43","2024","HS2","2024-12"
"534","0","0","784751","13300","0025","EURO AREA","3802","PORT HURON, MI","43","2024","HS2","2024-12"
"535","0","0","0","0","0026","APEC","3802","PORT HURON, MI","43","2024","HS2","2024-12"
"536","0","0","0","0","1220","CANADA","3802","PORT HURON, MI","43","2024","HS2","2024-12"
"537","0","0","0","0","1XXX","NORTH AMERICA","3802","PORT HURON, MI","43","2024","HS2","2024-12"
"538","0","0","0","0","4120","UNITED KINGDOM","3802","PORT HURON, MI","43","2024","HS2","2024-12"
"539","0","0","3672","187","4280","GERMANY","3802","PORT HURON, MI","43","2024","HS2","2024-12"
"540","0","0","0","0","4510","LITHUANIA","3802","PORT HURON, MI","43","2024","HS2","2024-12"
"541","0","0","295000","6831","4623","UKRAINE","3802","PORT HURON, MI","43","2024","HS2","2024-12"
"542","0","0","781079","13113","4710","PORTUGAL","3802","PORT HURON, MI","43","2024","HS2","2024-12"
"543","0","0","0","0","4759","ITALY","3802","PORT HURON, MI","43","2024","HS2","2024-12"
"544","0","0","0","0","4840","GREECE","3802","PORT HURON, MI","43","2024","HS2","2024-12"
"545","0","0","1079751","20131","4XXX","EUROPE","3802","PORT HURON, MI","43","2024","HS2","2024-12"
"546","0","0","0","0","0020","USMCA (NAFTA)","3803","SAULT STE MARIE, MI","43","2024","HS2","2024-12"
"547","0","0","0","0","0022","OECD","3803","SAULT STE MARIE, MI","43","2024","HS2","2024-12"
"548","0","0","0","0","0023","NATO","3803","SAULT STE MARIE, MI","43","2024","HS2","2024-12"
"549","0","0","0","0","0026","APEC","3803","SAULT STE MARIE, MI","43","2024","HS2","2024-12"
"550","0","0","0","0","1220","CANADA","3803","SAULT STE MARIE, MI","43","2024","HS2","2024-12"
"551","0","0","0","0","1XXX","NORTH AMERICA","3803","SAULT STE MARIE, MI","43","2024","HS2","2024-12"
"552","31067167","192734","0","0","0003","EUROPEAN UNION","3901","CHICAGO, IL","43","2024","HS2","2024-12"
"553","2853119","15609","0","0","0014","PACIFIC RIM COUNTRIES","3901","CHICAGO, IL","43","2024","HS2","2024-12"
"554","33804954","203573","0","0","0022","OECD","3901","CHICAGO, IL","43","2024","HS2","2024-12"
"555","31260202","193651","0","0","0023","NATO","3901","CHICAGO, IL","43","2024","HS2","2024-12"
"556","31067167","192734","0","0","0025","EURO AREA","3901","CHICAGO, IL","43","2024","HS2","2024-12"
"557","11046913","54391","0","0","0026","APEC","3901","CHICAGO, IL","43","2024","HS2","2024-12"
"558","4118","65","0","0","4210","NETHERLANDS","3901","CHICAGO, IL","43","2024","HS2","2024-12"
"559","13497212","68472","0","0","0027","ASEAN","3901","CHICAGO, IL","43","2024","HS2","2024-12"
"560","30693150","188448","0","0","4050","FINLAND","3901","CHICAGO, IL","43","2024","HS2","2024-12"
"561","9192","218","0","0","4120","UNITED KINGDOM","3901","CHICAGO, IL","43","2024","HS2","2024-12"
"562","60784","1254","0","0","4231","BELGIUM","3901","CHICAGO, IL","43","2024","HS2","2024-12"
"563","98297","446","0","0","4510","LITHUANIA","3901","CHICAGO, IL","43","2024","HS2","2024-12"
"564","42600","211","0","0","4644","UZBEKISTAN","3901","CHICAGO, IL","43","2024","HS2","2024-12"
"565","2660","47","0","0","4710","PORTUGAL","3901","CHICAGO, IL","43","2024","HS2","2024-12"
"566","18381","119","0","0","4759","ITALY","3901","CHICAGO, IL","43","2024","HS2","2024-12"
"567","189777","2355","0","0","4840","GREECE","3901","CHICAGO, IL","43","2024","HS2","2024-12"
"568","183843","699","0","0","4890","TURKEY","3901","CHICAGO, IL","43","2024","HS2","2024-12"
"569","31302802","193862","0","0","4XXX","EUROPE","3901","CHICAGO, IL","43","2024","HS2","2024-12"
"570","4000","229","0","0","5200","UNITED ARAB EMIRATES","3901","CHICAGO, IL","43","2024","HS2","2024-12"
"571","3000","13","0","0","5420","SRI LANKA","3901","CHICAGO, IL","43","2024","HS2","2024-12"
"572","8173259","38582","0","0","5490","THAILAND","3901","CHICAGO, IL","43","2024","HS2","2024-12"
"573","20535","200","0","0","5520","VIETNAM","3901","CHICAGO, IL","43","2024","HS2","2024-12"
"574","5104218","24851","0","0","5550","CAMBODIA","3901","CHICAGO, IL","43","2024","HS2","2024-12"
"575","199200","4839","0","0","5650","PHILIPPINES","3901","CHICAGO, IL","43","2024","HS2","2024-12"
"576","10870","402","0","0","5700","CHINA","3901","CHICAGO, IL","43","2024","HS2","2024-12"
"577","2621999","9879","0","0","5800","KOREA, SOUTH","3901","CHICAGO, IL","43","2024","HS2","2024-12"
"578","21050","489","0","0","5880","JAPAN","3901","CHICAGO, IL","43","2024","HS2","2024-12"
"579","16158131","79484","0","0","5XXX","ASIA","3901","CHICAGO, IL","43","2024","HS2","2024-12"
"580","512262","5997","0","0","0003","EUROPEAN UNION","4101","CLEVELAND, OH","43","2024","HS2","2024-12"
"581","144354","1094","0","0","0014","PACIFIC RIM COUNTRIES","4101","CLEVELAND, OH","43","2024","HS2","2024-12"
"582","661803","9890","0","0","0020","USMCA (NAFTA)","4101","CLEVELAND, OH","43","2024","HS2","2024-12"
"583","3150","29","0","0","0021","TWENTY LATIN AMERICAN REPUBLICS","4101","CLEVELAND, OH","43","2024","HS2","2024-12"
"584","1520804","20748","0","0","0022","OECD","4101","CLEVELAND, OH","43","2024","HS2","2024-12"
"585","1388177","19537","0","0","0023","NATO","4101","CLEVELAND, OH","43","2024","HS2","2024-12"
"586","3150","29","0","0","0024","LAFTA","4101","CLEVELAND, OH","43","2024","HS2","2024-12"
"587","480451","5246","0","0","0025","EURO AREA","4101","CLEVELAND, OH","43","2024","HS2","2024-12"
"588","806157","10984","0","0","0026","APEC","4101","CLEVELAND, OH","43","2024","HS2","2024-12"
"589","658653","9861","0","0","1220","CANADA","4101","CLEVELAND, OH","43","2024","HS2","2024-12"
"590","661803","9890","0","0","1XXX","NORTH AMERICA","4101","CLEVELAND, OH","43","2024","HS2","2024-12"
"591","3150","29","0","0","2010","MEXICO","4101","CLEVELAND, OH","43","2024","HS2","2024-12"
"592","11016","26","0","0","4099","DENMARK","4101","CLEVELAND, OH","43","2024","HS2","2024-12"
"593","222871","3736","0","0","4120","UNITED KINGDOM","4101","CLEVELAND, OH","43","2024","HS2","2024-12"
"594","3076","48","0","0","4190","IRELAND","4101","CLEVELAND, OH","43","2024","HS2","2024-12"
"595","35752","620","0","0","4210","NETHERLANDS","4101","CLEVELAND, OH","43","2024","HS2","2024-12"
"596","8840","110","0","0","4279","FRANCE","4101","CLEVELAND, OH","43","2024","HS2","2024-12"
"597","165792","2639","0","0","4280","GERMANY","4101","CLEVELAND, OH","43","2024","HS2","2024-12"
"598","3785","42","0","0","4351","CZECH REPUBLIC","4101","CLEVELAND, OH","43","2024","HS2","2024-12"
"599","2660","3","0","0","4370","HUNGARY","4101","CLEVELAND, OH","43","2024","HS2","2024-12"
"600","52448","909","0","0","4419","SWITZERLAND","4101","CLEVELAND, OH","43","2024","HS2","2024-12"
"601","10060","72","0","0","4550","POLAND","4101","CLEVELAND, OH","43","2024","HS2","2024-12"
"602","2533","9","0","0","4730","MALTA","4101","CLEVELAND, OH","43","2024","HS2","2024-12"
"603","264458","1820","0","0","4759","ITALY","4101","CLEVELAND, OH","43","2024","HS2","2024-12"
"604","4290","608","0","0","4870","BULGARIA","4101","CLEVELAND, OH","43","2024","HS2","2024-12"
"605","787581","10642","0","0","4XXX","EUROPE","4101","CLEVELAND, OH","43","2024","HS2","2024-12"
"606","15997","210","0","0","5081","ISRAEL","4101","CLEVELAND, OH","43","2024","HS2","2024-12"
"607","10413","181","0","0","5170","SAUDI ARABIA","4101","CLEVELAND, OH","43","2024","HS2","2024-12"
"608","76922","1031","0","0","5200","UNITED ARAB EMIRATES","4101","CLEVELAND, OH","43","2024","HS2","2024-12"
"609","9924","29","0","0","5250","BAHRAIN","4101","CLEVELAND, OH","43","2024","HS2","2024-12"
"610","15588","125","0","0","5420","SRI LANKA","4101","CLEVELAND, OH","43","2024","HS2","2024-12"
"611","75329","353","0","0","5700","CHINA","4101","CLEVELAND, OH","43","2024","HS2","2024-12"
"612","36231","366","0","0","5800","KOREA, SOUTH","4101","CLEVELAND, OH","43","2024","HS2","2024-12"
"613","6779","118","0","0","5820","HONG KONG","4101","CLEVELAND, OH","43","2024","HS2","2024-12"
"614","26015","257","0","0","5880","JAPAN","4101","CLEVELAND, OH","43","2024","HS2","2024-12"
"615","273198","2670","0","0","5XXX","ASIA","4101","CLEVELAND, OH","43","2024","HS2","2024-12"
"616","7125","9","0","0","7790","KENYA","4101","CLEVELAND, OH","43","2024","HS2","2024-12"
"617","9809","25","0","0","7910","SOUTH AFRICA","4101","CLEVELAND, OH","43","2024","HS2","2024-12"
"618","16934","34","0","0","7XXX","AFRICA","4101","CLEVELAND, OH","43","2024","HS2","2024-12"
"619","5293","16","0","0","0003","EUROPEAN UNION","4102","CINCINNATI-LAWRENCEBURG, OH","43","2024","HS2","2024-12"
"620","7683","9","0","0","0014","PACIFIC RIM COUNTRIES","4102","CINCINNATI-LAWRENCEBURG, OH","43","2024","HS2","2024-12"
"621","3048","12","0","0","0020","USMCA (NAFTA)","4102","CINCINNATI-LAWRENCEBURG, OH","43","2024","HS2","2024-12"
"622","8341","28","0","0","0022","OECD","4102","CINCINNATI-LAWRENCEBURG, OH","43","2024","HS2","2024-12"
"623","8341","28","0","0","0023","NATO","4102","CINCINNATI-LAWRENCEBURG, OH","43","2024","HS2","2024-12"
"624","5293","16","0","0","0025","EURO AREA","4102","CINCINNATI-LAWRENCEBURG, OH","43","2024","HS2","2024-12"
"625","10731","21","0","0","0026","APEC","4102","CINCINNATI-LAWRENCEBURG, OH","43","2024","HS2","2024-12"
"626","3048","12","0","0","1220","CANADA","4102","CINCINNATI-LAWRENCEBURG, OH","43","2024","HS2","2024-12"
"627","3048","12","0","0","1XXX","NORTH AMERICA","4102","CINCINNATI-LAWRENCEBURG, OH","43","2024","HS2","2024-12"
"628","5293","16","0","0","4759","ITALY","4102","CINCINNATI-LAWRENCEBURG, OH","43","2024","HS2","2024-12"
"629","5293","16","0","0","4XXX","EUROPE","4102","CINCINNATI-LAWRENCEBURG, OH","43","2024","HS2","2024-12"
"630","7683","9","0","0","5700","CHINA","4102","CINCINNATI-LAWRENCEBURG, OH","43","2024","HS2","2024-12"
"631","7683","9","0","0","5XXX","ASIA","4102","CINCINNATI-LAWRENCEBURG, OH","43","2024","HS2","2024-12"
"632","29971","324","0","0","0022","OECD","4115","LOUISVILLE, KY","43","2024","HS2","2024-12"
"633","29971","324","0","0","0023","NATO","4115","LOUISVILLE, KY","43","2024","HS2","2024-12"
"634","29971","324","0","0","4120","UNITED KINGDOM","4115","LOUISVILLE, KY","43","2024","HS2","2024-12"
"635","29971","324","0","0","4XXX","EUROPE","4115","LOUISVILLE, KY","43","2024","HS2","2024-12"
"636","0","0","97186","1884","0017","CAFTA-DR","5201","MIAMI, FL","43","2024","HS2","2024-12"
"637","0","0","63742","2085","0020","USMCA (NAFTA)","5201","MIAMI, FL","43","2024","HS2","2024-12"
"638","0","0","252558","6803","0021","TWENTY LATIN AMERICAN REPUBLICS","5201","MIAMI, FL","43","2024","HS2","2024-12"
"639","0","0","63742","2085","0022","OECD","5201","MIAMI, FL","43","2024","HS2","2024-12"
"640","0","0","97137","3750","0024","LAFTA","5201","MIAMI, FL","43","2024","HS2","2024-12"
"641","0","0","69867","2415","0026","APEC","5201","MIAMI, FL","43","2024","HS2","2024-12"
"642","0","0","81440","1499","0028","CACM","5201","MIAMI, FL","43","2024","HS2","2024-12"
"643","0","0","63742","2085","1XXX","NORTH AMERICA","5201","MIAMI, FL","43","2024","HS2","2024-12"
"644","0","0","63742","2085","2010","MEXICO","5201","MIAMI, FL","43","2024","HS2","2024-12"
"645","0","0","81440","1499","2050","GUATEMALA","5201","MIAMI, FL","43","2024","HS2","2024-12"
"646","0","0","0","0","2360","BAHAMAS","5201","MIAMI, FL","43","2024","HS2","2024-12"
"647","0","0","0","0","2110","EL SALVADOR","5201","MIAMI, FL","43","2024","HS2","2024-12"
"648","0","0","0","0","2230","COSTA RICA","5201","MIAMI, FL","43","2024","HS2","2024-12"
"649","0","0","58235","1169","2250","PANAMA","5201","MIAMI, FL","43","2024","HS2","2024-12"
"650","0","0","43887","12595","2410","JAMAICA","5201","MIAMI, FL","43","2024","HS2","2024-12"
"651","0","0","15746","385","2470","DOMINICAN REPUBLIC","5201","MIAMI, FL","43","2024","HS2","2024-12"
"652","0","0","11150","200","2720","BARBADOS","5201","MIAMI, FL","43","2024","HS2","2024-12"
"653","0","0","78810","3434","2740","TRINIDAD AND TOBAGO","5201","MIAMI, FL","43","2024","HS2","2024-12"
"654","0","0","289268","19282","2XXX","CENTRAL AMERICA","5201","MIAMI, FL","43","2024","HS2","2024-12"
"655","0","0","27270","1335","3310","ECUADOR","5201","MIAMI, FL","43","2024","HS2","2024-12"
"656","0","0","6125","330","3330","PERU","5201","MIAMI, FL","43","2024","HS2","2024-12"
"657","0","0","33395","1665","3XXX","SOUTH AMERICA","5201","MIAMI, FL","43","2024","HS2","2024-12"
"658","0","0","251048","6311","0017","CAFTA-DR","5203","PORT EVERGLADES, FL","43","2024","HS2","2024-12"
"659","0","0","4238","31","0020","USMCA (NAFTA)","5203","PORT EVERGLADES, FL","43","2024","HS2","2024-12"
"660","0","0","699166","19172","0021","TWENTY LATIN AMERICAN REPUBLICS","5203","PORT EVERGLADES, FL","43","2024","HS2","2024-12"
"661","0","0","319612","10791","0022","OECD","5203","PORT EVERGLADES, FL","43","2024","HS2","2024-12"
"662","0","0","444843","12811","0024","LAFTA","5203","PORT EVERGLADES, FL","43","2024","HS2","2024-12"
"663","0","0","384875","11011","0026","APEC","5203","PORT EVERGLADES, FL","43","2024","HS2","2024-12"
"664","0","0","251048","6311","0028","CACM","5203","PORT EVERGLADES, FL","43","2024","HS2","2024-12"
"665","0","0","4238","31","1XXX","NORTH AMERICA","5203","PORT EVERGLADES, FL","43","2024","HS2","2024-12"
"666","0","0","4238","31","2010","MEXICO","5203","PORT EVERGLADES, FL","43","2024","HS2","2024-12"
"667","0","0","183472","2836","2050","GUATEMALA","5203","PORT EVERGLADES, FL","43","2024","HS2","2024-12"
"668","0","0","100885","3429","2080","BELIZE","5203","PORT EVERGLADES, FL","43","2024","HS2","2024-12"
"669","0","0","2576","73","2110","EL SALVADOR","5203","PORT EVERGLADES, FL","43","2024","HS2","2024-12"
"670","0","0","0","0","2150","HONDURAS","5203","PORT EVERGLADES, FL","43","2024","HS2","2024-12"
"671","0","0","65000","3402","2230","COSTA RICA","5203","PORT EVERGLADES, FL","43","2024","HS2","2024-12"
"672","0","0","3275","50","2250","PANAMA","5203","PORT EVERGLADES, FL","43","2024","HS2","2024-12"
"673","0","0","12719","848","2360","BAHAMAS","5203","PORT EVERGLADES, FL","43","2024","HS2","2024-12"
"674","0","0","3282","103","2440","CAYMAN ISLANDS","5203","PORT EVERGLADES, FL","43","2024","HS2","2024-12"
"675","0","0","26268","200","2482","BRITISH VIRGIN ISLANDS","5203","PORT EVERGLADES, FL","43","2024","HS2","2024-12"
"676","0","0","48834","3800","2484","ANTIGUA AND BARBUDA","5203","PORT EVERGLADES, FL","43","2024","HS2","2024-12"
"677","0","0","0","0","2487","ST LUCIA","5203","PORT EVERGLADES, FL","43","2024","HS2","2024-12"
"678","0","0","9510","194","2720","BARBADOS","5203","PORT EVERGLADES, FL","43","2024","HS2","2024-12"
"679","0","0","95206","6424","2779","ARUBA","5203","PORT EVERGLADES, FL","43","2024","HS2","2024-12"
"680","0","0","551027","21359","2XXX","CENTRAL AMERICA","5203","PORT EVERGLADES, FL","43","2024","HS2","2024-12"
"681","0","0","10073","900","3070","VENEZUELA","5203","PORT EVERGLADES, FL","43","2024","HS2","2024-12"
"682","0","0","6586","79","3150","SURINAME","5203","PORT EVERGLADES, FL","43","2024","HS2","2024-12"
"683","0","0","65263","220","3330","PERU","5203","PORT EVERGLADES, FL","43","2024","HS2","2024-12"
"684","0","0","315374","10760","3370","CHILE","5203","PORT EVERGLADES, FL","43","2024","HS2","2024-12"
"685","0","0","3060","100","3530","PARAGUAY","5203","PORT EVERGLADES, FL","43","2024","HS2","2024-12"
"686","0","0","46835","800","3550","URUGUAY","5203","PORT EVERGLADES, FL","43","2024","HS2","2024-12"
"687","0","0","447191","12859","3XXX","SOUTH AMERICA","5203","PORT EVERGLADES, FL","43","2024","HS2","2024-12"
"688","0","0","5327","46","2360","BAHAMAS","5204","WEST PALM BEACH, FL","43","2024","HS2","2024-12"
"689","0","0","3056","387","2720","BARBADOS","5204","WEST PALM BEACH, FL","43","2024","HS2","2024-12"
"690","0","0","8383","433","2XXX","CENTRAL AMERICA","5204","WEST PALM BEACH, FL","43","2024","HS2","2024-12"
"691","0","0","16732","415","3120","GUYANA","5204","WEST PALM BEACH, FL","43","2024","HS2","2024-12"
"692","0","0","16732","415","3XXX","SOUTH AMERICA","5204","WEST PALM BEACH, FL","43","2024","HS2","2024-12"
"693","22378","291","0","0","0003","EUROPEAN UNION","5206","MIAMI INTERNATIONAL AIRPORT, FL","43","2024","HS2","2024-12"
"694","127216","3760","0","0","0017","CAFTA-DR","5206","MIAMI INTERNATIONAL AIRPORT, FL","43","2024","HS2","2024-12"
"695","305439","10689","0","0","0021","TWENTY LATIN AMERICAN REPUBLICS","5206","MIAMI INTERNATIONAL AIRPORT, FL","43","2024","HS2","2024-12"
"696","22378","291","0","0","0022","OECD","5206","MIAMI INTERNATIONAL AIRPORT, FL","43","2024","HS2","2024-12"
"697","22378","291","0","0","0023","NATO","5206","MIAMI INTERNATIONAL AIRPORT, FL","43","2024","HS2","2024-12"
"698","178223","6929","0","0","0024","LAFTA","5206","MIAMI INTERNATIONAL AIRPORT, FL","43","2024","HS2","2024-12"
"699","22378","291","0","0","0025","EURO AREA","5206","MIAMI INTERNATIONAL AIRPORT, FL","43","2024","HS2","2024-12"
"700","4282","84","0","0","0026","APEC","5206","MIAMI INTERNATIONAL AIRPORT, FL","43","2024","HS2","2024-12"
"701","103527","3292","0","0","0028","CACM","5206","MIAMI INTERNATIONAL AIRPORT, FL","43","2024","HS2","2024-12"
"702","97601","3128","0","0","2050","GUATEMALA","5206","MIAMI INTERNATIONAL AIRPORT, FL","43","2024","HS2","2024-12"
"703","2718","147","0","0","2110","EL SALVADOR","5206","MIAMI INTERNATIONAL AIRPORT, FL","43","2024","HS2","2024-12"
"704","3208","17","0","0","2230","COSTA RICA","5206","MIAMI INTERNATIONAL AIRPORT, FL","43","2024","HS2","2024-12"
"705","23689","468","0","0","2470","DOMINICAN REPUBLIC","5206","MIAMI INTERNATIONAL AIRPORT, FL","43","2024","HS2","2024-12"
"706","127216","3760","0","0","2XXX","CENTRAL AMERICA","5206","MIAMI INTERNATIONAL AIRPORT, FL","43","2024","HS2","2024-12"
"707","92589","5590","0","0","3010","COLOMBIA","5206","MIAMI INTERNATIONAL AIRPORT, FL","43","2024","HS2","2024-12"
"708","5152","217","0","0","3310","ECUADOR","5206","MIAMI INTERNATIONAL AIRPORT, FL","43","2024","HS2","2024-12"
"709","4282","84","0","0","3330","PERU","5206","MIAMI INTERNATIONAL AIRPORT, FL","43","2024","HS2","2024-12"
"710","56950","664","0","0","3510","BRAZIL","5206","MIAMI INTERNATIONAL AIRPORT, FL","43","2024","HS2","2024-12"
"711","19250","374","0","0","3570","ARGENTINA","5206","MIAMI INTERNATIONAL AIRPORT, FL","43","2024","HS2","2024-12"
"712","178223","6929","0","0","3XXX","SOUTH AMERICA","5206","MIAMI INTERNATIONAL AIRPORT, FL","43","2024","HS2","2024-12"
"713","11578","41","0","0","4279","FRANCE","5206","MIAMI INTERNATIONAL AIRPORT, FL","43","2024","HS2","2024-12"
"714","192367","1575","0","0","4634","KAZAKHSTAN","5206","MIAMI INTERNATIONAL AIRPORT, FL","43","2024","HS2","2024-12"
"715","10800","250","0","0","4759","ITALY","5206","MIAMI INTERNATIONAL AIRPORT, FL","43","2024","HS2","2024-12"
"716","214745","1866","0","0","4XXX","EUROPE","5206","MIAMI INTERNATIONAL AIRPORT, FL","43","2024","HS2","2024-12"
"717","0","0","40644","4721","0014","PACIFIC RIM COUNTRIES","5301","HOUSTON, TX","43","2024","HS2","2024-12"
"718","0","0","84735","6406","0021","TWENTY LATIN AMERICAN REPUBLICS","5301","HOUSTON, TX","43","2024","HS2","2024-12"
"719","0","0","84735","6406","0022","OECD","5301","HOUSTON, TX","43","2024","HS2","2024-12"
"720","0","0","84735","6406","0024","LAFTA","5301","HOUSTON, TX","43","2024","HS2","2024-12"
"721","0","0","125379","11127","0026","APEC","5301","HOUSTON, TX","43","2024","HS2","2024-12"
"722","0","0","84735","6406","3370","CHILE","5301","HOUSTON, TX","43","2024","HS2","2024-12"
"723","0","0","84735","6406","3XXX","SOUTH AMERICA","5301","HOUSTON, TX","43","2024","HS2","2024-12"
"724","0","0","13411","97","5230","OMAN","5301","HOUSTON, TX","43","2024","HS2","2024-12"
"725","0","0","40644","4721","5700","CHINA","5301","HOUSTON, TX","43","2024","HS2","2024-12"
"726","0","0","54055","4818","5XXX","ASIA","5301","HOUSTON, TX","43","2024","HS2","2024-12"
"727","0","0","0","0","7550","GABON","5301","HOUSTON, TX","43","2024","HS2","2024-12"
"728","0","0","0","0","7XXX","AFRICA","5301","HOUSTON, TX","43","2024","HS2","2024-12"
"729","3090","141","0","0","0003","EUROPEAN UNION","5309","HOUSTON INTERCONTINENTAL AIRPORT, TX","43","2024","HS2","2024-12"
"730","13556","443","0","0","0014","PACIFIC RIM COUNTRIES","5309","HOUSTON INTERCONTINENTAL AIRPORT, TX","43","2024","HS2","2024-12"
"731","16646","584","0","0","0022","OECD","5309","HOUSTON INTERCONTINENTAL AIRPORT, TX","43","2024","HS2","2024-12"
"732","3090","141","0","0","4279","FRANCE","5309","HOUSTON INTERCONTINENTAL AIRPORT, TX","43","2024","HS2","2024-12"
"733","3090","141","0","0","0023","NATO","5309","HOUSTON INTERCONTINENTAL AIRPORT, TX","43","2024","HS2","2024-12"
"734","3090","141","0","0","0025","EURO AREA","5309","HOUSTON INTERCONTINENTAL AIRPORT, TX","43","2024","HS2","2024-12"
"735","13556","443","0","0","0026","APEC","5309","HOUSTON INTERCONTINENTAL AIRPORT, TX","43","2024","HS2","2024-12"
"736","3090","141","0","0","4XXX","EUROPE","5309","HOUSTON INTERCONTINENTAL AIRPORT, TX","43","2024","HS2","2024-12"
"737","5300","50","0","0","5330","INDIA","5309","HOUSTON INTERCONTINENTAL AIRPORT, TX","43","2024","HS2","2024-12"
"738","5300","50","0","0","5XXX","ASIA","5309","HOUSTON INTERCONTINENTAL AIRPORT, TX","43","2024","HS2","2024-12"
"739","13556","443","0","0","6141","NEW ZEALAND","5309","HOUSTON INTERCONTINENTAL AIRPORT, TX","43","2024","HS2","2024-12"
"740","13556","443","0","0","6XXX","AUSTRALIA AND OCEANIA","5309","HOUSTON INTERCONTINENTAL AIRPORT, TX","43","2024","HS2","2024-12"
"741","8645","86","0","0","7290","EGYPT","5309","HOUSTON INTERCONTINENTAL AIRPORT, TX","43","2024","HS2","2024-12"
"742","2700","63","0","0","7530","NIGERIA","5309","HOUSTON INTERCONTINENTAL AIRPORT, TX","43","2024","HS2","2024-12"
"743","11345","149","0","0","7XXX","AFRICA","5309","HOUSTON INTERCONTINENTAL AIRPORT, TX","43","2024","HS2","2024-12"
"744","28500","191","0","0","0003","EUROPEAN UNION","5501","DALLAS-FORT WORTH, TX","43","2024","HS2","2024-12"
"745","18614","214","0","0","0014","PACIFIC RIM COUNTRIES","5501","DALLAS-FORT WORTH, TX","43","2024","HS2","2024-12"
"746","37616","340","0","0","0022","OECD","5501","DALLAS-FORT WORTH, TX","43","2024","HS2","2024-12"
"747","28500","191","0","0","0023","NATO","5501","DALLAS-FORT WORTH, TX","43","2024","HS2","2024-12"
"748","28500","191","0","0","0025","EURO AREA","5501","DALLAS-FORT WORTH, TX","43","2024","HS2","2024-12"
"749","18614","214","0","0","0026","APEC","5501","DALLAS-FORT WORTH, TX","43","2024","HS2","2024-12"
"750","28500","191","0","0","4279","FRANCE","5501","DALLAS-FORT WORTH, TX","43","2024","HS2","2024-12"
"751","28500","191","0","0","4XXX","EUROPE","5501","DALLAS-FORT WORTH, TX","43","2024","HS2","2024-12"
"752","3666","4","0","0","5800","KOREA, SOUTH","5501","DALLAS-FORT WORTH, TX","43","2024","HS2","2024-12"
"753","9498","65","0","0","5820","HONG KONG","5501","DALLAS-FORT WORTH, TX","43","2024","HS2","2024-12"
"754","13164","69","0","0","5XXX","ASIA","5501","DALLAS-FORT WORTH, TX","43","2024","HS2","2024-12"
"755","5450","145","0","0","6021","AUSTRALIA","5501","DALLAS-FORT WORTH, TX","43","2024","HS2","2024-12"
"756","5450","145","0","0","6XXX","AUSTRALIA AND OCEANIA","5501","DALLAS-FORT WORTH, TX","43","2024","HS2","2024-12"
"757","0","0","0","0","0020","USMCA (NAFTA)","7000","LOW VALUE","43","2024","HS2","2024-12"
"758","0","0","0","0","0022","OECD","7000","LOW VALUE","43","2024","HS2","2024-12"
"759","0","0","0","0","0023","NATO","7000","LOW VALUE","43","2024","HS2","2024-12"
"760","0","0","0","0","0026","APEC","7000","LOW VALUE","43","2024","HS2","2024-12"
"761","0","0","0","0","1220","CANADA","7000","LOW VALUE","43","2024","HS2","2024-12"
"762","0","0","0","0","1XXX","NORTH AMERICA","7000","LOW VALUE","43","2024","HS2","2024-12"
"763","84170686","678657","17074434","448913","-","TOTAL FOR ALL COUNTRIES","-","TOTAL FOR ALL PORTS","43","2024","HS2","2024-12"
"764","1034294","14422","67980","2116","0020","USMCA (NAFTA)","-","TOTAL FOR ALL PORTS","43","2024","HS2","2024-12"
"765","36446101","297750","6097037","111526","0003","EUROPEAN UNION","-","TOTAL FOR ALL PORTS","43","2024","HS2","2024-12"
"766","8481292","145171","336857","21378","0014","PACIFIC RIM COUNTRIES","-","TOTAL FOR ALL PORTS","43","2024","HS2","2024-12"
"767","127216","3760","391124","10859","0017","CAFTA-DR","-","TOTAL FOR ALL PORTS","43","2024","HS2","2024-12"
"768","312620","10720","7334758","166390","0021","TWENTY LATIN AMERICAN REPUBLICS","-","TOTAL FOR ALL PORTS","43","2024","HS2","2024-12"
"769","41670436","355348","6903650","143133","0022","OECD","-","TOTAL FOR ALL PORTS","43","2024","HS2","2024-12"
"770","38304936","329545","6278490","123563","0023","NATO","-","TOTAL FOR ALL PORTS","43","2024","HS2","2024-12"
"771","185404","6960","6740064","150874","0024","LAFTA","-","TOTAL FOR ALL PORTS","43","2024","HS2","2024-12"
"772","36414290","296999","6092778","110327","0025","EURO AREA","-","TOTAL FOR ALL PORTS","43","2024","HS2","2024-12"
"773","25066689","240309","1559987","67387","0026","APEC","-","TOTAL FOR ALL PORTS","43","2024","HS2","2024-12"
"774","40130373","273242","1070326","50996","0027","ASEAN","-","TOTAL FOR ALL PORTS","43","2024","HS2","2024-12"
"775","103527","3292","375378","10474","0028","CACM","-","TOTAL FOR ALL PORTS","43","2024","HS2","2024-12"
"776","1027113","14391","0","0","1220","CANADA","-","TOTAL FOR ALL PORTS","43","2024","HS2","2024-12"
"777","1034294","14422","67980","2116","1XXX","NORTH AMERICA","-","TOTAL FOR ALL PORTS","43","2024","HS2","2024-12"
"778","7181","31","67980","2116","2010","MEXICO","-","TOTAL FOR ALL PORTS","43","2024","HS2","2024-12"
"779","97601","3128","298826","6899","2050","GUATEMALA","-","TOTAL FOR ALL PORTS","43","2024","HS2","2024-12"
"780","0","0","100885","3429","2080","BELIZE","-","TOTAL FOR ALL PORTS","43","2024","HS2","2024-12"
"781","2718","147","2576","73","2110","EL SALVADOR","-","TOTAL FOR ALL PORTS","43","2024","HS2","2024-12"
"782","0","0","0","0","2150","HONDURAS","-","TOTAL FOR ALL PORTS","43","2024","HS2","2024-12"
"783","3208","17","73976","3502","2230","COSTA RICA","-","TOTAL FOR ALL PORTS","43","2024","HS2","2024-12"
"784","0","0","184010","4222","2250","PANAMA","-","TOTAL FOR ALL PORTS","43","2024","HS2","2024-12"
"785","0","0","24175","2477","2320","BERMUDA","-","TOTAL FOR ALL PORTS","43","2024","HS2","2024-12"
"786","0","0","18046","894","2360","BAHAMAS","-","TOTAL FOR ALL PORTS","43","2024","HS2","2024-12"
"787","0","0","19560","435","2390","CUBA","-","TOTAL FOR ALL PORTS","43","2024","HS2","2024-12"
"788","0","0","43887","12595","2410","JAMAICA","-","TOTAL FOR ALL PORTS","43","2024","HS2","2024-12"
"789","0","0","3282","103","2440","CAYMAN ISLANDS","-","TOTAL FOR ALL PORTS","43","2024","HS2","2024-12"
"790","23689","468","15746","385","2470","DOMINICAN REPUBLIC","-","TOTAL FOR ALL PORTS","43","2024","HS2","2024-12"
"791","0","0","26268","200","2482","BRITISH VIRGIN ISLANDS","-","TOTAL FOR ALL PORTS","43","2024","HS2","2024-12"
"792","3500","11","0","0","2483","ST KITTS AND NEVIS","-","TOTAL FOR ALL PORTS","43","2024","HS2","2024-12"
"793","0","0","48834","3800","2484","ANTIGUA AND BARBUDA","-","TOTAL FOR ALL PORTS","43","2024","HS2","2024-12"
"794","0","0","0","0","2487","ST LUCIA","-","TOTAL FOR ALL PORTS","43","2024","HS2","2024-12"
"795","5000","191","23716","781","2720","BARBADOS","-","TOTAL FOR ALL PORTS","43","2024","HS2","2024-12"
"796","0","0","78810","3434","2740","TRINIDAD AND TOBAGO","-","TOTAL FOR ALL PORTS","43","2024","HS2","2024-12"
"797","0","0","95206","6424","2779","ARUBA","-","TOTAL FOR ALL PORTS","43","2024","HS2","2024-12"
"798","135716","3962","1057803","49653","2XXX","CENTRAL AMERICA","-","TOTAL FOR ALL PORTS","43","2024","HS2","2024-12"
"799","92589","5590","0","0","3010","COLOMBIA","-","TOTAL FOR ALL PORTS","43","2024","HS2","2024-12"
"800","0","0","10073","900","3070","VENEZUELA","-","TOTAL FOR ALL PORTS","43","2024","HS2","2024-12"
"801","0","0","16732","415","3120","GUYANA","-","TOTAL FOR ALL PORTS","43","2024","HS2","2024-12"
"802","0","0","6586","79","3150","SURINAME","-","TOTAL FOR ALL PORTS","43","2024","HS2","2024-12"
"803","5152","217","6089227","128889","3310","ECUADOR","-","TOTAL FOR ALL PORTS","43","2024","HS2","2024-12"
"804","4282","84","71388","550","3330","PERU","-","TOTAL FOR ALL PORTS","43","2024","HS2","2024-12"
"805","0","0","451501","17519","3370","CHILE","-","TOTAL FOR ALL PORTS","43","2024","HS2","2024-12"
"806","56950","664","0","0","3510","BRAZIL","-","TOTAL FOR ALL PORTS","43","2024","HS2","2024-12"
"807","0","0","3060","100","3530","PARAGUAY","-","TOTAL FOR ALL PORTS","43","2024","HS2","2024-12"
"808","0","0","46835","800","3550","URUGUAY","-","TOTAL FOR ALL PORTS","43","2024","HS2","2024-12"
"809","19250","374","0","0","3570","ARGENTINA","-","TOTAL FOR ALL PORTS","43","2024","HS2","2024-12"
"810","178223","6929","6695402","149252","3XXX","SOUTH AMERICA","-","TOTAL FOR ALL PORTS","43","2024","HS2","2024-12"
"811","57961","7907","0","0","4039","NORWAY","-","TOTAL FOR ALL PORTS","43","2024","HS2","2024-12"
"812","30693150","188448","0","0","4050","FINLAND","-","TOTAL FOR ALL PORTS","43","2024","HS2","2024-12"
"813","11016","26","0","0","4099","DENMARK","-","TOTAL FOR ALL PORTS","43","2024","HS2","2024-12"
"814","612844","9198","181453","12037","4120","UNITED KINGDOM","-","TOTAL FOR ALL PORTS","43","2024","HS2","2024-12"
"815","3076","48","0","0","4190","IRELAND","-","TOTAL FOR ALL PORTS","43","2024","HS2","2024-12"
"816","159363","3101","0","0","4210","NETHERLANDS","-","TOTAL FOR ALL PORTS","43","2024","HS2","2024-12"
"817","72034","1422","250087","6254","4231","BELGIUM","-","TOTAL FOR ALL PORTS","43","2024","HS2","2024-12"
"818","1087132","38058","156835","5192","4279","FRANCE","-","TOTAL FOR ALL PORTS","43","2024","HS2","2024-12"
"819","1648909","35047","52003","1287","4280","GERMANY","-","TOTAL FOR ALL PORTS","43","2024","HS2","2024-12"
"820","17757","307","0","0","4330","AUSTRIA","-","TOTAL FOR ALL PORTS","43","2024","HS2","2024-12"
"821","3785","42","0","0","4351","CZECH REPUBLIC","-","TOTAL FOR ALL PORTS","43","2024","HS2","2024-12"
"822","2660","3","0","0","4370","HUNGARY","-","TOTAL FOR ALL PORTS","43","2024","HS2","2024-12"
"823","74295","1158","0","0","4419","SWITZERLAND","-","TOTAL FOR ALL PORTS","43","2024","HS2","2024-12"
"824","0","0","25000","2011","4490","LATVIA","-","TOTAL FOR ALL PORTS","43","2024","HS2","2024-12"
"825","104096","652","0","0","4510","LITHUANIA","-","TOTAL FOR ALL PORTS","43","2024","HS2","2024-12"
"826","10060","72","4259","1199","4550","POLAND","-","TOTAL FOR ALL PORTS","43","2024","HS2","2024-12"
"827","18445","373","0","0","4621","RUSSIA","-","TOTAL FOR ALL PORTS","43","2024","HS2","2024-12"
"828","0","0","612966","13662","4623","UKRAINE","-","TOTAL FOR ALL PORTS","43","2024","HS2","2024-12"
"829","14135","346","0","0","4633","GEORGIA","-","TOTAL FOR ALL PORTS","43","2024","HS2","2024-12"
"830","202177","1745","0","0","4634","KAZAKHSTAN","-","TOTAL FOR ALL PORTS","43","2024","HS2","2024-12"
"831","42600","211","0","0","4644","UZBEKISTAN","-","TOTAL FOR ALL PORTS","43","2024","HS2","2024-12"
"832","75353","1565","0","0","4700","SPAIN","-","TOTAL FOR ALL PORTS","43","2024","HS2","2024-12"
"833","60710","1243","5447731","93814","4710","PORTUGAL","-","TOTAL FOR ALL PORTS","43","2024","HS2","2024-12"
"834","2533","9","0","0","4730","MALTA","-","TOTAL FOR ALL PORTS","43","2024","HS2","2024-12"
"835","1382169","20299","161122","1769","4759","ITALY","-","TOTAL FOR ALL PORTS","43","2024","HS2","2024-12"
"836","2977","52","0","0","4910","CYPRUS","-","TOTAL FOR ALL PORTS","43","2024","HS2","2024-12"
"837","1105031","6748","0","0","4840","GREECE","-","TOTAL FOR ALL PORTS","43","2024","HS2","2024-12"
"838","4290","608","0","0","4870","BULGARIA","-","TOTAL FOR ALL PORTS","43","2024","HS2","2024-12"
"839","187260","715","0","0","4890","TURKEY","-","TOTAL FOR ALL PORTS","43","2024","HS2","2024-12"
"840","37655818","319403","6891456","137225","4XXX","EUROPE","-","TOTAL FOR ALL PORTS","43","2024","HS2","2024-12"
"841","64111","2334","107640","710","5081","ISRAEL","-","TOTAL FOR ALL PORTS","43","2024","HS2","2024-12"
"842","10413","181","2958","11","5170","SAUDI ARABIA","-","TOTAL FOR ALL PORTS","43","2024","HS2","2024-12"
"843","2630","373","0","0","5180","QATAR","-","TOTAL FOR ALL PORTS","43","2024","HS2","2024-12"
"844","140147","2197","708667","32288","5200","UNITED ARAB EMIRATES","-","TOTAL FOR ALL PORTS","43","2024","HS2","2024-12"
"845","0","0","26453","524","5230","OMAN","-","TOTAL FOR ALL PORTS","43","2024","HS2","2024-12"
"846","9924","29","0","0","5250","BAHRAIN","-","TOTAL FOR ALL PORTS","43","2024","HS2","2024-12"
"847","14141","78","68892","1624","5330","INDIA","-","TOTAL FOR ALL PORTS","43","2024","HS2","2024-12"
"848","39032","274","0","0","5420","SRI LANKA","-","TOTAL FOR ALL PORTS","43","2024","HS2","2024-12"
"849","15501039","80034","632261","25824","5490","THAILAND","-","TOTAL FOR ALL PORTS","43","2024","HS2","2024-12"
"850","27337","225","0","0","5520","VIETNAM","-","TOTAL FOR ALL PORTS","43","2024","HS2","2024-12"
"851","20495894","100397","438065","25172","5550","CAMBODIA","-","TOTAL FOR ALL PORTS","43","2024","HS2","2024-12"
"852","61713","2091","0","0","5590","SINGAPORE","-","TOTAL FOR ALL PORTS","43","2024","HS2","2024-12"
"853","3805010","84747","0","0","5600","INDONESIA","-","TOTAL FOR ALL PORTS","43","2024","HS2","2024-12"
"854","239380","5748","0","0","5650","PHILIPPINES","-","TOTAL FOR ALL PORTS","43","2024","HS2","2024-12"
"855","186864","2762","249903","19226","5700","CHINA","-","TOTAL FOR ALL PORTS","43","2024","HS2","2024-12"
"856","2929756","14993","10414","859","5800","KOREA, SOUTH","-","TOTAL FOR ALL PORTS","43","2024","HS2","2024-12"
"857","876992","26614","63915","916","5820","HONG KONG","-","TOTAL FOR ALL PORTS","43","2024","HS2","2024-12"
"858","3867","24","0","0","5830","TAIWAN","-","TOTAL FOR ALL PORTS","43","2024","HS2","2024-12"
"859","266824","6280","0","0","5880","JAPAN","-","TOTAL FOR ALL PORTS","43","2024","HS2","2024-12"
"860","44675074","329381","2309168","107154","5XXX","ASIA","-","TOTAL FOR ALL PORTS","43","2024","HS2","2024-12"
"861","89468","1222","2816","123","6021","AUSTRALIA","-","TOTAL FOR ALL PORTS","43","2024","HS2","2024-12"
"862","21418","690","9809","254","6141","NEW ZEALAND","-","TOTAL FOR ALL PORTS","43","2024","HS2","2024-12"
"863","272509","537","0","0","6414","FRENCH POLYNESIA","-","TOTAL FOR ALL PORTS","43","2024","HS2","2024-12"
"864","0","0","8000","136","6810","MARSHALL ISLANDS","-","TOTAL FOR ALL PORTS","43","2024","HS2","2024-12"
"865","383395","2449","20625","513","6XXX","AUSTRALIA AND OCEANIA","-","TOTAL FOR ALL PORTS","43","2024","HS2","2024-12"
"866","8645","86","0","0","7290","EGYPT","-","TOTAL FOR ALL PORTS","43","2024","HS2","2024-12"
"867","0","0","32000","3000","7410","MAURITANIA","-","TOTAL FOR ALL PORTS","43","2024","HS2","2024-12"
"868","10206","205","0","0","7530","NIGERIA","-","TOTAL FOR ALL PORTS","43","2024","HS2","2024-12"
"869","0","0","0","0","7550","GABON","-","TOTAL FOR ALL PORTS","43","2024","HS2","2024-12"
"870","17695","245","0","0","7700","SOMALIA","-","TOTAL FOR ALL PORTS","43","2024","HS2","2024-12"
"871","61811","1550","0","0","7790","KENYA","-","TOTAL FOR ALL PORTS","43","2024","HS2","2024-12"
"872","9809","25","0","0","7910","SOUTH AFRICA","-","TOTAL FOR ALL PORTS","43","2024","HS2","2024-12"
"873","108166","2111","32000","3000","7XXX","AFRICA","-","TOTAL FOR ALL PORTS","43","2024","HS2","2024-12"
